Time_sec,CycleNo,PT01_MPa,T01[Treac]_℃,Date&Time,T03[Troom]_℃
4574.0,1,2.8714,380.9,7/21/2024_9:04:35 PM,24.5
4576.0,1,2.8704,381.0,7/21/2024_9:04:37 PM,24.5
4578.0,1,2.8675,381.1,7/21/2024_9:04:39 PM,24.5
4580.0,1,2.8639,381.2,7/21/2024_9:04:41 PM,24.5
4582.0,1,2.8602,382.4,7/21/2024_9:04:43 PM,24.5
4584.0,1,2.8567,382.5,7/21/2024_9:04:45 PM,24.5
4586.0,1,2.8532,382.6,7/21/2024_9:04:47 PM,24.5
4588.0,1,2.8499,382.8,7/21/2024_9:04:49 PM,24.5
4590.0,1,2.8467,383.9,7/21/2024_9:04:51 PM,24.5
4592.0,1,2.8436,384.0,7/21/2024_9:04:53 PM,24.5
4594.0,1,2.8406,384.2,7/21/2024_9:04:55 PM,24.5
4596.0,1,2.8378,384.3,7/21/2024_9:04:57 PM,24.5
4598.0,1,2.835,385.4,7/21/2024_9:04:59 PM,24.5
4600.0,1,2.8321,385.5,7/21/2024_9:05:01 PM,24.5
4602.0,1,2.8295,385.6,7/21/2024_9:05:03 PM,24.5
4604.0,1,2.827,385.7,7/21/2024_9:05:05 PM,24.5
4606.0,1,2.8246,385.9,7/21/2024_9:05:07 PM,24.5
4608.0,1,2.8222,386.1,7/21/2024_9:05:09 PM,24.5
4610.0,1,2.8199,386.4,7/21/2024_9:05:11 PM,24.5
4612.0,1,2.8174,386.6,7/21/2024_9:05:13 PM,24.5
4614.0,1,2.8152,386.8,7/21/2024_9:05:15 PM,24.5
4616.0,1,2.8131,387.0,7/21/2024_9:05:17 PM,24.5
4618.0,1,2.811,387.2,7/21/2024_9:05:19 PM,24.5
4620.0,1,2.8088,387.4,7/21/2024_9:05:21 PM,24.5
4622.0,1,2.8068,387.6,7/21/2024_9:05:23 PM,24.5
4624.0,1,2.8048,387.7,7/21/2024_9:05:25 PM,24.5
4626.0,1,2.8029,387.9,7/21/2024_9:05:27 PM,24.5
4628.0,1,2.801,388.1,7/21/2024_9:05:29 PM,24.5
4630.0,1,2.799,388.3,7/21/2024_9:05:31 PM,24.5
4632.0,1,2.7972,388.4,7/21/2024_9:05:33 PM,24.5
4634.0,1,2.7954,388.6,7/21/2024_9:05:35 PM,24.5
4636.0,1,2.7937,388.7,7/21/2024_9:05:37 PM,24.5
4638.0,1,2.792,388.8,7/21/2024_9:05:39 PM,24.5
4640.0,1,2.7901,389.0,7/21/2024_9:05:41 PM,24.5
4642.0,1,2.7885,389.1,7/21/2024_9:05:43 PM,24.5
4644.0,1,2.7868,389.2,7/21/2024_9:05:45 PM,24.5
4646.0,1,2.7852,389.2,7/21/2024_9:05:47 PM,24.5
4648.0,1,2.7837,389.4,7/21/2024_9:05:49 PM,24.5
4650.0,1,2.7821,389.4,7/21/2024_9:05:51 PM,24.5
4652.0,1,2.7804,389.5,7/21/2024_9:05:53 PM,24.5
4654.0,1,2.7789,389.6,7/21/2024_9:05:55 PM,24.5
4656.0,1,2.7774,389.6,7/21/2024_9:05:57 PM,24.5
4658.0,1,2.7759,389.7,7/21/2024_9:05:59 PM,24.5
4660.0,1,2.7745,389.8,7/21/2024_9:06:01 PM,24.5
4662.0,1,2.7731,389.8,7/21/2024_9:06:03 PM,24.5
4664.0,1,2.7717,389.9,7/21/2024_9:06:05 PM,24.5
4666.0,1,2.7702,389.9,7/21/2024_9:06:07 PM,24.5
4668.0,1,2.7689,390.0,7/21/2024_9:06:09 PM,24.5
4670.0,1,2.7675,390.1,7/21/2024_9:06:11 PM,24.5
4672.0,1,2.7662,390.1,7/21/2024_9:06:13 PM,24.5
4674.0,1,2.7649,390.1,7/21/2024_9:06:15 PM,24.5
4676.0,1,2.7635,390.2,7/21/2024_9:06:17 PM,24.5
4678.0,1,2.7623,390.2,7/21/2024_9:06:19 PM,24.5
4680.0,1,2.761,390.2,7/21/2024_9:06:21 PM,24.5
4682.0,1,2.7597,390.3,7/21/2024_9:06:23 PM,24.5
4684.0,1,2.7585,390.3,7/21/2024_9:06:25 PM,24.5
4686.0,1,2.7573,390.3,7/21/2024_9:06:27 PM,24.5
4688.0,1,2.7561,390.3,7/21/2024_9:06:29 PM,24.5
4690.0,1,2.7549,390.4,7/21/2024_9:06:31 PM,24.5
4692.0,1,2.7537,390.4,7/21/2024_9:06:33 PM,24.5
4694.0,1,2.7525,390.4,7/21/2024_9:06:35 PM,24.5
4696.0,1,2.7513,390.4,7/21/2024_9:06:37 PM,24.5
4698.0,1,2.7502,390.4,7/21/2024_9:06:39 PM,24.5
4700.0,1,2.7491,390.4,7/21/2024_9:06:41 PM,24.5
4702.0,1,2.7478,390.4,7/21/2024_9:06:43 PM,24.5
4704.0,1,2.7467,390.4,7/21/2024_9:06:45 PM,24.5
4706.0,1,2.7456,390.4,7/21/2024_9:06:47 PM,24.5
4708.0,1,2.7446,390.4,7/21/2024_9:06:49 PM,24.5
4710.0,1,2.7435,390.4,7/21/2024_9:06:51 PM,24.5
4712.0,1,2.7424,390.4,7/21/2024_9:06:53 PM,24.5
4714.0,1,2.7413,390.4,7/21/2024_9:06:55 PM,24.5
4716.0,1,2.7403,390.4,7/21/2024_9:06:57 PM,24.5
4718.0,1,2.7393,390.4,7/21/2024_9:06:59 PM,24.5
4720.0,1,2.7383,390.4,7/21/2024_9:07:01 PM,24.5
4722.0,1,2.7372,390.4,7/21/2024_9:07:03 PM,24.5
4724.0,1,2.7361,390.4,7/21/2024_9:07:05 PM,24.5
4726.0,1,2.7352,390.4,7/21/2024_9:07:07 PM,24.5
4728.0,1,2.7342,390.3,7/21/2024_9:07:09 PM,24.5
4730.0,1,2.7332,390.3,7/21/2024_9:07:11 PM,24.5
4732.0,1,2.7323,390.3,7/21/2024_9:07:13 PM,24.5
4734.0,1,2.7313,390.3,7/21/2024_9:07:15 PM,24.5
4736.0,1,2.7302,390.3,7/21/2024_9:07:17 PM,24.5
4738.0,1,2.7293,390.3,7/21/2024_9:07:19 PM,24.5
4740.0,1,2.7284,390.2,7/21/2024_9:07:21 PM,24.5
4742.0,1,2.7274,390.2,7/21/2024_9:07:23 PM,24.5
4744.0,1,2.7265,390.2,7/21/2024_9:07:25 PM,24.5
4746.0,1,2.7256,390.2,7/21/2024_9:07:27 PM,24.5
4748.0,1,2.7247,390.1,7/21/2024_9:07:29 PM,24.5
4750.0,1,2.7238,390.1,7/21/2024_9:07:31 PM,24.5
4752.0,1,2.7229,390.1,7/21/2024_9:07:33 PM,24.5
4754.0,1,2.722,390.1,7/21/2024_9:07:35 PM,24.5
4756.0,1,2.7211,390.0,7/21/2024_9:07:37 PM,24.5
4758.0,1,2.7202,390.0,7/21/2024_9:07:39 PM,24.5
4760.0,1,2.7194,390.0,7/21/2024_9:07:41 PM,24.5
4762.0,1,2.7185,390.0,7/21/2024_9:07:43 PM,24.5
4764.0,1,2.7177,389.9,7/21/2024_9:07:45 PM,24.5
4766.0,1,2.7168,389.9,7/21/2024_9:07:47 PM,24.5
4768.0,1,2.716,389.9,7/21/2024_9:07:49 PM,24.5
4770.0,1,2.7151,389.9,7/21/2024_9:07:51 PM,24.5
4772.0,1,2.7143,389.8,7/21/2024_9:07:53 PM,24.5
4774.0,1,2.7135,389.8,7/21/2024_9:07:55 PM,24.5
4776.0,1,2.7127,389.8,7/21/2024_9:07:57 PM,24.5
4778.0,1,2.7118,389.7,7/21/2024_9:07:59 PM,24.5
4780.0,1,2.711,389.7,7/21/2024_9:08:01 PM,24.5
4782.0,1,2.7102,389.7,7/21/2024_9:08:03 PM,24.5
4784.0,1,2.7095,389.6,7/21/2024_9:08:05 PM,24.5
4786.0,1,2.7087,389.6,7/21/2024_9:08:07 PM,24.5
4788.0,1,2.7078,389.6,7/21/2024_9:08:09 PM,24.5
4790.0,1,2.7071,389.6,7/21/2024_9:08:11 PM,24.5
4792.0,1,2.7063,389.5,7/21/2024_9:08:13 PM,24.5
4794.0,1,2.7056,389.5,7/21/2024_9:08:15 PM,24.5
4796.0,1,2.7048,389.4,7/21/2024_9:08:17 PM,24.5
4798.0,1,2.7041,389.4,7/21/2024_9:08:19 PM,24.4
4800.0,1,2.7033,389.4,7/21/2024_9:08:21 PM,24.4
4802.0,1,2.7026,389.3,7/21/2024_9:08:23 PM,24.4
4804.0,1,2.7018,389.3,7/21/2024_9:08:25 PM,24.4
4806.0,1,2.7011,389.3,7/21/2024_9:08:27 PM,24.4
4808.0,1,2.7004,389.2,7/21/2024_9:08:29 PM,24.4
4810.0,1,2.6996,389.2,7/21/2024_9:08:31 PM,24.4
4812.0,1,2.6989,389.1,7/21/2024_9:08:33 PM,24.4
4814.0,1,2.6982,389.1,7/21/2024_9:08:35 PM,24.4
4816.0,1,2.6975,389.1,7/21/2024_9:08:37 PM,24.4
4818.0,1,2.6968,389.1,7/21/2024_9:08:39 PM,24.4
4820.0,1,2.6962,389.0,7/21/2024_9:08:41 PM,24.4
4822.0,1,2.6955,389.0,7/21/2024_9:08:43 PM,24.4
4824.0,1,2.6948,389.0,7/21/2024_9:08:45 PM,24.4
4826.0,1,2.6941,388.9,7/21/2024_9:08:47 PM,24.4
4828.0,1,2.6934,388.9,7/21/2024_9:08:49 PM,24.4
4830.0,1,2.6928,388.9,7/21/2024_9:08:51 PM,24.4
4832.0,1,2.6921,388.8,7/21/2024_9:08:53 PM,24.4
4834.0,1,2.6915,388.8,7/21/2024_9:08:55 PM,24.4
4836.0,1,2.6908,388.8,7/21/2024_9:08:57 PM,24.4
4838.0,1,2.6902,388.8,7/21/2024_9:08:59 PM,24.4
4840.0,1,2.6895,388.7,7/21/2024_9:09:01 PM,24.4
4842.0,1,2.6889,388.7,7/21/2024_9:09:03 PM,24.4
4844.0,1,2.6882,388.7,7/21/2024_9:09:05 PM,24.4
4846.0,1,2.6876,388.7,7/21/2024_9:09:07 PM,24.4
4848.0,1,2.687,388.6,7/21/2024_9:09:09 PM,24.4
4850.0,1,2.6863,388.6,7/21/2024_9:09:11 PM,24.4
4852.0,1,2.6858,388.6,7/21/2024_9:09:13 PM,24.4
4854.0,1,2.6851,388.5,7/21/2024_9:09:15 PM,24.4
4856.0,1,2.6845,388.5,7/21/2024_9:09:17 PM,24.4
4858.0,1,2.6839,388.5,7/21/2024_9:09:19 PM,24.4
4860.0,1,2.6833,388.5,7/21/2024_9:09:21 PM,24.4
4862.0,1,2.6827,388.4,7/21/2024_9:09:23 PM,24.4
4864.0,1,2.6821,388.4,7/21/2024_9:09:25 PM,24.4
4866.0,1,2.6815,388.4,7/21/2024_9:09:27 PM,24.4
4868.0,1,2.6809,388.4,7/21/2024_9:09:29 PM,24.4
4870.0,1,2.6803,388.3,7/21/2024_9:09:31 PM,24.4
4872.0,1,2.6798,388.3,7/21/2024_9:09:33 PM,24.4
4874.0,1,2.6792,388.3,7/21/2024_9:09:35 PM,24.4
4876.0,1,2.6787,388.2,7/21/2024_9:09:37 PM,24.4
4878.0,1,2.678,388.2,7/21/2024_9:09:39 PM,24.4
4880.0,1,2.6775,388.2,7/21/2024_9:09:41 PM,24.4
4882.0,1,2.6769,388.1,7/21/2024_9:09:43 PM,24.4
4884.0,1,2.6764,388.1,7/21/2024_9:09:45 PM,24.4
4886.0,1,2.6759,388.1,7/21/2024_9:09:47 PM,24.4
4888.0,1,2.6753,388.0,7/21/2024_9:09:49 PM,24.4
4890.0,1,2.6747,388.0,7/21/2024_9:09:51 PM,24.4
4892.0,1,2.6742,388.0,7/21/2024_9:09:53 PM,24.4
4894.0,1,2.6737,387.9,7/21/2024_9:09:55 PM,24.4
4896.0,1,2.6732,387.9,7/21/2024_9:09:57 PM,24.4
4898.0,1,2.6726,387.9,7/21/2024_9:09:59 PM,24.4
4900.0,1,2.6721,387.8,7/21/2024_9:10:01 PM,24.4
4902.0,1,2.6716,387.8,7/21/2024_9:10:03 PM,24.4
4904.0,1,2.6711,387.8,7/21/2024_9:10:05 PM,24.4
4906.0,1,2.6706,387.8,7/21/2024_9:10:07 PM,24.4
4908.0,1,2.67,387.7,7/21/2024_9:10:09 PM,24.4
4910.0,1,2.6696,387.7,7/21/2024_9:10:11 PM,24.4
4912.0,1,2.669,387.7,7/21/2024_9:10:13 PM,24.4
4914.0,1,2.6685,387.6,7/21/2024_9:10:15 PM,24.4
4916.0,1,2.668,387.6,7/21/2024_9:10:17 PM,24.4
4918.0,1,2.6675,387.6,7/21/2024_9:10:19 PM,24.4
4920.0,1,2.6671,387.5,7/21/2024_9:10:21 PM,24.4
4922.0,1,2.6666,387.5,7/21/2024_9:10:23 PM,24.4
4924.0,1,2.6661,387.5,7/21/2024_9:10:25 PM,24.4
4926.0,1,2.6656,387.5,7/21/2024_9:10:27 PM,24.4
4928.0,1,2.6651,387.4,7/21/2024_9:10:29 PM,24.4
4930.0,1,2.6646,387.4,7/21/2024_9:10:31 PM,24.4
4932.0,1,2.6642,387.4,7/21/2024_9:10:33 PM,24.4
4934.0,1,2.6637,387.4,7/21/2024_9:10:35 PM,24.4
4936.0,1,2.6632,387.3,7/21/2024_9:10:37 PM,24.4
4938.0,1,2.6628,387.3,7/21/2024_9:10:39 PM,24.4
4940.0,1,2.6623,387.3,7/21/2024_9:10:41 PM,24.4
4942.0,1,2.6618,387.2,7/21/2024_9:10:43 PM,24.4
4944.0,1,2.6614,387.2,7/21/2024_9:10:45 PM,24.4
4946.0,1,2.6609,387.2,7/21/2024_9:10:47 PM,24.4
4948.0,1,2.6605,387.1,7/21/2024_9:10:49 PM,24.4
4950.0,1,2.66,387.1,7/21/2024_9:10:51 PM,24.4
4952.0,1,2.6596,387.1,7/21/2024_9:10:53 PM,24.4
4954.0,1,2.6591,387.1,7/21/2024_9:10:55 PM,24.4
4956.0,1,2.6587,387.0,7/21/2024_9:10:57 PM,24.4
4958.0,1,2.6583,387.0,7/21/2024_9:10:59 PM,24.4
4960.0,1,2.6579,387.0,7/21/2024_9:11:01 PM,24.4
4962.0,1,2.6575,387.0,7/21/2024_9:11:03 PM,24.4
4964.0,1,2.657,387.0,7/21/2024_9:11:05 PM,24.4
4966.0,1,2.6566,387.0,7/21/2024_9:11:07 PM,24.4
4968.0,1,2.6562,386.9,7/21/2024_9:11:09 PM,24.4
4970.0,1,2.6558,386.9,7/21/2024_9:11:11 PM,24.4
4972.0,1,2.6553,386.9,7/21/2024_9:11:13 PM,24.4
4974.0,1,2.6549,386.9,7/21/2024_9:11:15 PM,24.4
4976.0,1,2.6545,386.8,7/21/2024_9:11:17 PM,24.4
4978.0,1,2.6541,386.8,7/21/2024_9:11:19 PM,24.4
4980.0,1,2.6537,386.8,7/21/2024_9:11:21 PM,24.4
4982.0,1,2.6533,386.8,7/21/2024_9:11:23 PM,24.4
4984.0,1,2.6529,386.7,7/21/2024_9:11:25 PM,24.4
4986.0,1,2.6526,386.7,7/21/2024_9:11:27 PM,24.4
4988.0,1,2.6522,386.7,7/21/2024_9:11:29 PM,24.4
4990.0,1,2.6518,386.7,7/21/2024_9:11:31 PM,24.4
4992.0,1,2.6514,386.6,7/21/2024_9:11:33 PM,24.4
4994.0,1,2.651,386.6,7/21/2024_9:11:35 PM,24.4
4996.0,1,2.6506,386.6,7/21/2024_9:11:37 PM,24.4
4998.0,1,2.6502,386.5,7/21/2024_9:11:39 PM,24.4
5000.0,1,2.6499,386.5,7/21/2024_9:11:41 PM,24.4
5002.0,1,2.6495,386.5,7/21/2024_9:11:43 PM,24.4
5004.0,1,2.6492,386.5,7/21/2024_9:11:45 PM,24.4
5006.0,1,2.6488,386.4,7/21/2024_9:11:47 PM,24.4
5008.0,1,2.6484,386.4,7/21/2024_9:11:49 PM,24.4
5010.0,1,2.648,386.4,7/21/2024_9:11:51 PM,24.4
5012.0,1,2.6477,386.4,7/21/2024_9:11:53 PM,24.4
5014.0,1,2.6473,386.3,7/21/2024_9:11:55 PM,24.4
5016.0,1,2.6469,386.3,7/21/2024_9:11:57 PM,24.4
5018.0,1,2.6466,386.3,7/21/2024_9:11:59 PM,24.4
5020.0,1,2.6463,386.3,7/21/2024_9:12:01 PM,24.4
5022.0,1,2.6458,386.2,7/21/2024_9:12:03 PM,24.4
5024.0,1,2.6455,386.2,7/21/2024_9:12:05 PM,24.4
5026.0,1,2.6452,386.2,7/21/2024_9:12:07 PM,24.4
5028.0,1,2.6448,386.2,7/21/2024_9:12:09 PM,24.4
5030.0,1,2.6445,386.2,7/21/2024_9:12:11 PM,24.4
5032.0,1,2.6441,386.1,7/21/2024_9:12:13 PM,24.4
5034.0,1,2.6438,386.1,7/21/2024_9:12:15 PM,24.4
5036.0,1,2.6435,386.1,7/21/2024_9:12:17 PM,24.4
5038.0,1,2.6431,386.1,7/21/2024_9:12:19 PM,24.4
5040.0,1,2.6428,386.1,7/21/2024_9:12:21 PM,24.4
5042.0,1,2.6425,386.0,7/21/2024_9:12:23 PM,24.4
5044.0,1,2.6421,386.0,7/21/2024_9:12:25 PM,24.4
5046.0,1,2.6418,386.0,7/21/2024_9:12:27 PM,24.4
5048.0,1,2.6415,386.0,7/21/2024_9:12:29 PM,24.4
5050.0,1,2.6411,386.0,7/21/2024_9:12:31 PM,24.4
5052.0,1,2.6408,385.9,7/21/2024_9:12:33 PM,24.4
5054.0,1,2.6405,385.9,7/21/2024_9:12:35 PM,24.4
5056.0,1,2.6402,385.9,7/21/2024_9:12:37 PM,24.4
5058.0,1,2.6398,385.9,7/21/2024_9:12:39 PM,24.4
5060.0,1,2.6395,385.8,7/21/2024_9:12:41 PM,24.4
5062.0,1,2.6392,385.8,7/21/2024_9:12:43 PM,24.4
5064.0,1,2.6389,385.8,7/21/2024_9:12:45 PM,24.4
5066.0,1,2.6386,385.8,7/21/2024_9:12:47 PM,24.4
5068.0,1,2.6383,385.8,7/21/2024_9:12:49 PM,24.4
5070.0,1,2.638,385.7,7/21/2024_9:12:51 PM,24.4
5072.0,1,2.6377,385.7,7/21/2024_9:12:53 PM,24.4
5074.0,1,2.6374,385.7,7/21/2024_9:12:55 PM,24.4
5076.0,1,2.6371,385.7,7/21/2024_9:12:57 PM,24.4
5078.0,1,2.6368,385.7,7/21/2024_9:12:59 PM,24.4
5080.0,1,2.6365,385.6,7/21/2024_9:13:01 PM,24.4
5082.0,1,2.6362,385.6,7/21/2024_9:13:03 PM,24.4
5084.0,1,2.6359,385.6,7/21/2024_9:13:05 PM,24.4
5086.0,1,2.6356,385.6,7/21/2024_9:13:07 PM,24.4
5088.0,1,2.6353,385.6,7/21/2024_9:13:09 PM,24.4
5090.0,1,2.635,385.5,7/21/2024_9:13:11 PM,24.4
5092.0,1,2.6347,385.5,7/21/2024_9:13:13 PM,24.4
5094.0,1,2.6344,385.5,7/21/2024_9:13:15 PM,24.4
5096.0,1,2.6341,385.5,7/21/2024_9:13:17 PM,24.4
5098.0,1,2.6339,385.5,7/21/2024_9:13:19 PM,24.4
5100.0,1,2.6336,385.5,7/21/2024_9:13:21 PM,24.4
5102.0,1,2.6333,385.4,7/21/2024_9:13:23 PM,24.4
5104.0,1,2.633,385.4,7/21/2024_9:13:25 PM,24.3
5106.0,1,2.6327,385.4,7/21/2024_9:13:27 PM,24.3
5108.0,1,2.6324,385.3,7/21/2024_9:13:29 PM,24.3
5110.0,1,2.6322,385.3,7/21/2024_9:13:31 PM,24.3
5112.0,1,2.6319,385.3,7/21/2024_9:13:33 PM,24.3
5114.0,1,2.6316,385.3,7/21/2024_9:13:35 PM,24.3
5116.0,1,2.6313,385.2,7/21/2024_9:13:37 PM,24.3
5118.0,1,2.6311,385.2,7/21/2024_9:13:39 PM,24.3
5120.0,1,2.6308,385.2,7/21/2024_9:13:41 PM,24.3
5122.0,1,2.6305,385.2,7/21/2024_9:13:43 PM,24.3
5124.0,1,2.6303,385.2,7/21/2024_9:13:45 PM,24.3
5126.0,1,2.63,385.1,7/21/2024_9:13:47 PM,24.3
5128.0,1,2.6297,385.1,7/21/2024_9:13:49 PM,24.3
5130.0,1,2.6295,385.1,7/21/2024_9:13:51 PM,24.3
5132.0,1,2.6292,385.1,7/21/2024_9:13:53 PM,24.3
5134.0,1,2.629,385.1,7/21/2024_9:13:55 PM,24.3
5136.0,1,2.6287,385.0,7/21/2024_9:13:57 PM,24.3
5138.0,1,2.6284,385.0,7/21/2024_9:13:59 PM,24.3
5140.0,1,2.6282,385.0,7/21/2024_9:14:01 PM,24.3
5142.0,1,2.6279,385.0,7/21/2024_9:14:03 PM,24.3
5144.0,1,2.6277,385.0,7/21/2024_9:14:05 PM,24.3
5146.0,1,2.6274,385.0,7/21/2024_9:14:07 PM,24.3
5148.0,1,2.6272,384.9,7/21/2024_9:14:09 PM,24.3
5150.0,1,2.6269,384.9,7/21/2024_9:14:11 PM,24.3
5152.0,1,2.6267,384.9,7/21/2024_9:14:13 PM,24.3
5154.0,1,2.6264,384.9,7/21/2024_9:14:15 PM,24.3
5156.0,1,2.6262,384.9,7/21/2024_9:14:17 PM,24.3
5158.0,1,2.626,384.9,7/21/2024_9:14:19 PM,24.3
5160.0,1,2.6257,384.9,7/21/2024_9:14:21 PM,24.3
5162.0,1,2.6255,384.9,7/21/2024_9:14:23 PM,24.3
5164.0,1,2.6252,384.8,7/21/2024_9:14:25 PM,24.3
5166.0,1,2.625,384.8,7/21/2024_9:14:27 PM,24.3
5168.0,1,2.6248,384.8,7/21/2024_9:14:29 PM,24.3
5170.0,1,2.6245,384.8,7/21/2024_9:14:31 PM,24.3
5172.0,1,2.6243,384.8,7/21/2024_9:14:33 PM,24.3
5174.0,1,2.6241,384.8,7/21/2024_9:14:35 PM,24.3
5176.0,1,2.6239,384.8,7/21/2024_9:14:37 PM,24.3
5178.0,1,2.6236,384.7,7/21/2024_9:14:39 PM,24.3
5180.0,1,2.6234,384.7,7/21/2024_9:14:41 PM,24.3
5182.0,1,2.6232,384.7,7/21/2024_9:14:43 PM,24.3
5184.0,1,2.6229,384.7,7/21/2024_9:14:45 PM,24.3
5186.0,1,2.6227,384.7,7/21/2024_9:14:47 PM,24.3
5188.0,1,2.6225,384.7,7/21/2024_9:14:49 PM,24.3
5190.0,1,2.6222,384.7,7/21/2024_9:14:51 PM,24.3
5192.0,1,2.622,384.6,7/21/2024_9:14:53 PM,24.3
5194.0,1,2.6218,384.6,7/21/2024_9:14:55 PM,24.3
5196.0,1,2.6216,384.6,7/21/2024_9:14:57 PM,24.3
5198.0,1,2.6213,384.6,7/21/2024_9:14:59 PM,24.3
5200.0,1,2.6211,384.6,7/21/2024_9:15:01 PM,24.3
5202.0,1,2.6209,384.6,7/21/2024_9:15:03 PM,24.3
5204.0,1,2.6207,384.5,7/21/2024_9:15:05 PM,24.3
5206.0,1,2.6205,384.5,7/21/2024_9:15:07 PM,24.3
5208.0,1,2.6203,384.5,7/21/2024_9:15:09 PM,24.3
5210.0,1,2.6201,384.5,7/21/2024_9:15:11 PM,24.3
5212.0,1,2.6199,384.5,7/21/2024_9:15:13 PM,24.3
5214.0,1,2.6197,384.5,7/21/2024_9:15:15 PM,24.3
5216.0,1,2.6195,384.5,7/21/2024_9:15:17 PM,24.3
5218.0,1,2.6193,384.5,7/21/2024_9:15:19 PM,24.3
5220.0,1,2.619,384.5,7/21/2024_9:15:21 PM,24.3
5222.0,1,2.6188,384.5,7/21/2024_9:15:23 PM,24.3
5224.0,1,2.6186,384.4,7/21/2024_9:15:25 PM,24.3
5226.0,1,2.6184,384.4,7/21/2024_9:15:27 PM,24.3
5228.0,1,2.6182,384.4,7/21/2024_9:15:29 PM,24.3
5230.0,1,2.618,384.4,7/21/2024_9:15:31 PM,24.3
5232.0,1,2.6178,384.4,7/21/2024_9:15:33 PM,24.3
5234.0,1,2.6176,384.4,7/21/2024_9:15:35 PM,24.3
5236.0,1,2.6174,384.4,7/21/2024_9:15:37 PM,24.3
5238.0,1,2.6172,384.4,7/21/2024_9:15:39 PM,24.3
5240.0,1,2.617,384.4,7/21/2024_9:15:41 PM,24.3
5242.0,1,2.6168,384.4,7/21/2024_9:15:43 PM,24.3
5244.0,1,2.6166,384.4,7/21/2024_9:15:45 PM,24.3
5246.0,1,2.6164,384.4,7/21/2024_9:15:47 PM,24.3
5248.0,1,2.6162,384.3,7/21/2024_9:15:49 PM,24.3
5250.0,1,2.616,384.3,7/21/2024_9:15:51 PM,24.3
5252.0,1,2.6158,384.3,7/21/2024_9:15:53 PM,24.3
5254.0,1,2.6157,384.3,7/21/2024_9:15:55 PM,24.3
5256.0,1,2.6154,384.3,7/21/2024_9:15:57 PM,24.3
5258.0,1,2.6152,384.3,7/21/2024_9:15:59 PM,24.3
5260.0,1,2.6151,384.3,7/21/2024_9:16:01 PM,24.3
5262.0,1,2.6149,384.3,7/21/2024_9:16:03 PM,24.3
5264.0,1,2.6147,384.3,7/21/2024_9:16:05 PM,24.3
5266.0,1,2.6145,384.3,7/21/2024_9:16:07 PM,24.3
5268.0,1,2.6143,384.3,7/21/2024_9:16:09 PM,24.3
5270.0,1,2.6141,384.2,7/21/2024_9:16:11 PM,24.3
5272.0,1,2.6139,384.2,7/21/2024_9:16:13 PM,24.3
5274.0,1,2.6138,384.2,7/21/2024_9:16:15 PM,24.3
5276.0,1,2.6136,384.2,7/21/2024_9:16:17 PM,24.3
5278.0,1,2.6134,384.2,7/21/2024_9:16:19 PM,24.3
5280.0,1,2.6132,384.2,7/21/2024_9:16:21 PM,24.3
5282.0,1,2.613,384.2,7/21/2024_9:16:23 PM,24.3
5284.0,1,2.6129,384.2,7/21/2024_9:16:25 PM,24.3
5286.0,1,2.6127,384.1,7/21/2024_9:16:27 PM,24.3
5288.0,1,2.6125,384.1,7/21/2024_9:16:29 PM,24.3
5290.0,1,2.6124,384.1,7/21/2024_9:16:31 PM,24.3
5292.0,1,2.6122,384.1,7/21/2024_9:16:33 PM,24.3
5294.0,1,2.612,384.1,7/21/2024_9:16:35 PM,24.3
5296.0,1,2.6118,384.1,7/21/2024_9:16:37 PM,24.3
5298.0,1,2.6116,384.1,7/21/2024_9:16:39 PM,24.3
5300.0,1,2.6115,384.0,7/21/2024_9:16:41 PM,24.3
5302.0,1,2.6113,384.0,7/21/2024_9:16:43 PM,24.3
5304.0,1,2.6111,384.0,7/21/2024_9:16:45 PM,24.3
5306.0,1,2.611,384.0,7/21/2024_9:16:47 PM,24.3
5308.0,1,2.6108,384.0,7/21/2024_9:16:49 PM,24.3
5310.0,1,2.6106,384.0,7/21/2024_9:16:51 PM,24.3
5312.0,1,2.6105,384.0,7/21/2024_9:16:53 PM,24.3
5314.0,1,2.6103,384.0,7/21/2024_9:16:55 PM,24.3
5316.0,1,2.6102,384.0,7/21/2024_9:16:57 PM,24.3
5318.0,1,2.61,384.0,7/21/2024_9:16:59 PM,24.3
5320.0,1,2.6098,384.0,7/21/2024_9:17:01 PM,24.3
5322.0,1,2.6097,383.9,7/21/2024_9:17:03 PM,24.3
5324.0,1,2.6095,383.9,7/21/2024_9:17:05 PM,24.3
5326.0,1,2.6093,383.9,7/21/2024_9:17:07 PM,24.3
5328.0,1,2.6092,383.9,7/21/2024_9:17:09 PM,24.3
5330.0,1,2.609,383.9,7/21/2024_9:17:11 PM,24.3
5332.0,1,2.6089,383.9,7/21/2024_9:17:13 PM,24.3
5334.0,1,2.6087,383.9,7/21/2024_9:17:15 PM,24.3
5336.0,1,2.6086,383.9,7/21/2024_9:17:17 PM,24.3
5338.0,1,2.6084,383.9,7/21/2024_9:17:19 PM,24.3
5340.0,1,2.6082,383.9,7/21/2024_9:17:21 PM,24.3
5342.0,1,2.6081,383.9,7/21/2024_9:17:23 PM,24.3
5344.0,1,2.6079,383.8,7/21/2024_9:17:25 PM,24.3
5346.0,1,2.6077,383.8,7/21/2024_9:17:27 PM,24.3
5348.0,1,2.6076,383.8,7/21/2024_9:17:29 PM,24.3
5350.0,1,2.6075,383.8,7/21/2024_9:17:31 PM,24.3
5352.0,1,2.6073,383.8,7/21/2024_9:17:33 PM,24.3
5354.0,1,2.6071,383.8,7/21/2024_9:17:35 PM,24.3
5356.0,1,2.607,383.8,7/21/2024_9:17:37 PM,24.3
5358.0,1,2.6068,383.8,7/21/2024_9:17:39 PM,24.3
5360.0,1,2.6067,383.8,7/21/2024_9:17:41 PM,24.3
5362.0,1,2.6065,383.8,7/21/2024_9:17:43 PM,24.3
5364.0,1,2.6064,383.8,7/21/2024_9:17:45 PM,24.3
5366.0,1,2.6062,383.7,7/21/2024_9:17:47 PM,24.3
5368.0,1,2.6061,383.7,7/21/2024_9:17:49 PM,24.3
5370.0,1,2.6059,383.7,7/21/2024_9:17:51 PM,24.3
5372.0,1,2.6058,383.7,7/21/2024_9:17:53 PM,24.3
5374.0,1,2.6056,383.7,7/21/2024_9:17:55 PM,24.3
5376.0,1,2.6055,383.7,7/21/2024_9:17:57 PM,24.3
5378.0,1,2.6053,383.7,7/21/2024_9:17:59 PM,24.3
5380.0,1,2.6052,383.7,7/21/2024_9:18:01 PM,24.3
5382.0,1,2.605,383.7,7/21/2024_9:18:03 PM,24.3
5384.0,1,2.6049,383.7,7/21/2024_9:18:05 PM,24.3
5386.0,1,2.6047,383.6,7/21/2024_9:18:07 PM,24.3
5388.0,1,2.6046,383.6,7/21/2024_9:18:09 PM,24.3
5390.0,1,2.6045,383.6,7/21/2024_9:18:11 PM,24.3
5392.0,1,2.6044,383.6,7/21/2024_9:18:13 PM,24.3
5394.0,1,2.6042,383.6,7/21/2024_9:18:15 PM,24.3
5396.0,1,2.6041,383.6,7/21/2024_9:18:17 PM,24.3
5398.0,1,2.6039,383.6,7/21/2024_9:18:19 PM,24.3
5400.0,1,2.6038,383.6,7/21/2024_9:18:21 PM,24.3
5402.0,1,2.6036,383.6,7/21/2024_9:18:23 PM,24.3
5404.0,1,2.6035,383.5,7/21/2024_9:18:25 PM,24.3
5406.0,1,2.6033,383.5,7/21/2024_9:18:27 PM,24.3
5408.0,1,2.6032,383.5,7/21/2024_9:18:29 PM,24.3
5410.0,1,2.6031,383.5,7/21/2024_9:18:31 PM,24.3
5412.0,1,2.6029,383.5,7/21/2024_9:18:33 PM,24.3
5414.0,1,2.6028,383.5,7/21/2024_9:18:35 PM,24.3
5416.0,1,2.6027,383.5,7/21/2024_9:18:37 PM,24.3
5418.0,1,2.6025,383.5,7/21/2024_9:18:39 PM,24.3
5420.0,1,2.6024,383.5,7/21/2024_9:18:41 PM,24.3
5422.0,1,2.6022,383.5,7/21/2024_9:18:43 PM,24.3
5424.0,1,2.6021,383.5,7/21/2024_9:18:45 PM,24.3
5426.0,1,2.602,383.5,7/21/2024_9:18:47 PM,24.3
5428.0,1,2.6019,383.5,7/21/2024_9:18:49 PM,24.3
5430.0,1,2.6017,383.5,7/21/2024_9:18:51 PM,24.3
5432.0,1,2.6016,383.5,7/21/2024_9:18:53 PM,24.3
5434.0,1,2.6015,383.5,7/21/2024_9:18:55 PM,24.3
5436.0,1,2.6013,383.5,7/21/2024_9:18:57 PM,24.3
5438.0,1,2.6012,383.4,7/21/2024_9:18:59 PM,24.3
5440.0,1,2.601,383.4,7/21/2024_9:19:01 PM,24.3
5442.0,1,2.6009,383.4,7/21/2024_9:19:03 PM,24.3
5444.0,1,2.6008,383.4,7/21/2024_9:19:05 PM,24.3
5446.0,1,2.6007,383.4,7/21/2024_9:19:07 PM,24.3
5448.0,1,2.6006,383.4,7/21/2024_9:19:09 PM,24.3
5450.0,1,2.6004,383.4,7/21/2024_9:19:11 PM,24.3
5452.0,1,2.6003,383.4,7/21/2024_9:19:13 PM,24.3
5454.0,1,2.6001,383.4,7/21/2024_9:19:15 PM,24.3
5456.0,1,2.6,383.4,7/21/2024_9:19:17 PM,24.3
5458.0,1,2.5999,383.4,7/21/2024_9:19:19 PM,24.3
5460.0,1,2.5998,383.4,7/21/2024_9:19:21 PM,24.3
5462.0,1,2.5996,383.4,7/21/2024_9:19:23 PM,24.3
5464.0,1,2.5995,383.4,7/21/2024_9:19:25 PM,24.3
5466.0,1,2.5994,383.3,7/21/2024_9:19:27 PM,24.3
5468.0,1,2.5993,383.3,7/21/2024_9:19:29 PM,24.3
5470.0,1,2.5991,383.3,7/21/2024_9:19:31 PM,24.3
5472.0,1,2.5991,383.3,7/21/2024_9:19:33 PM,24.3
5474.0,1,2.5989,383.3,7/21/2024_9:19:35 PM,24.3
5476.0,1,2.5988,383.3,7/21/2024_9:19:37 PM,24.3
5478.0,1,2.5987,383.2,7/21/2024_9:19:39 PM,24.2
5480.0,1,2.5985,383.2,7/21/2024_9:19:41 PM,24.2
5482.0,1,2.5984,383.2,7/21/2024_9:19:43 PM,24.2
5484.0,1,2.5983,383.2,7/21/2024_9:19:45 PM,24.2
5486.0,1,2.5982,383.2,7/21/2024_9:19:47 PM,24.2
5488.0,1,2.5981,383.2,7/21/2024_9:19:49 PM,24.2
5490.0,1,2.5979,383.2,7/21/2024_9:19:51 PM,24.2
5492.0,1,2.5978,383.2,7/21/2024_9:19:53 PM,24.2
5494.0,1,2.5977,383.2,7/21/2024_9:19:55 PM,24.2
5496.0,1,2.5976,383.2,7/21/2024_9:19:57 PM,24.2
5498.0,1,2.5974,383.2,7/21/2024_9:19:59 PM,24.2
5500.0,1,2.5973,383.2,7/21/2024_9:20:01 PM,24.2
5502.0,1,2.5972,383.2,7/21/2024_9:20:03 PM,24.2
5504.0,1,2.5971,383.2,7/21/2024_9:20:05 PM,24.2
5506.0,1,2.597,383.2,7/21/2024_9:20:07 PM,24.2
5508.0,1,2.5968,383.1,7/21/2024_9:20:09 PM,24.2
5510.0,1,2.5967,383.1,7/21/2024_9:20:11 PM,24.2
5512.0,1,2.5966,383.1,7/21/2024_9:20:13 PM,24.2
5514.0,1,2.5965,383.1,7/21/2024_9:20:15 PM,24.2
5516.0,1,2.5964,383.1,7/21/2024_9:20:17 PM,24.2
5518.0,1,2.5962,383.1,7/21/2024_9:20:19 PM,24.2
5520.0,1,2.5961,383.1,7/21/2024_9:20:21 PM,24.2
5522.0,1,2.596,383.1,7/21/2024_9:20:23 PM,24.2
5524.0,1,2.5959,383.1,7/21/2024_9:20:25 PM,24.2
5526.0,1,2.5958,383.1,7/21/2024_9:20:27 PM,24.2
5528.0,1,2.5957,383.1,7/21/2024_9:20:29 PM,24.2
5530.0,1,2.5956,383.1,7/21/2024_9:20:31 PM,24.2
5532.0,1,2.5955,383.1,7/21/2024_9:20:33 PM,24.2
5534.0,1,2.5954,383.0,7/21/2024_9:20:35 PM,24.2
5536.0,1,2.5953,383.0,7/21/2024_9:20:37 PM,24.2
5538.0,1,2.5951,383.0,7/21/2024_9:20:39 PM,24.2
5540.0,1,2.595,383.0,7/21/2024_9:20:41 PM,24.2
5542.0,1,2.5949,383.0,7/21/2024_9:20:43 PM,24.2
5544.0,1,2.5948,383.0,7/21/2024_9:20:45 PM,24.2
5546.0,1,2.5947,383.0,7/21/2024_9:20:47 PM,24.2
5548.0,1,2.5946,383.0,7/21/2024_9:20:49 PM,24.2
5550.0,1,2.5945,383.0,7/21/2024_9:20:51 PM,24.2
5552.0,1,2.5944,383.0,7/21/2024_9:20:53 PM,24.2
5554.0,1,2.5943,383.0,7/21/2024_9:20:55 PM,24.2
5556.0,1,2.5942,383.0,7/21/2024_9:20:57 PM,24.2
5558.0,1,2.594,383.0,7/21/2024_9:20:59 PM,24.2
5560.0,1,2.5939,382.9,7/21/2024_9:21:01 PM,24.2
5562.0,1,2.5939,382.9,7/21/2024_9:21:03 PM,24.2
5564.0,1,2.5937,382.9,7/21/2024_9:21:05 PM,24.2
5566.0,1,2.5936,382.9,7/21/2024_9:21:07 PM,24.2
5568.0,1,2.5935,382.9,7/21/2024_9:21:09 PM,24.2
5570.0,1,2.5934,382.9,7/21/2024_9:21:11 PM,24.2
5572.0,1,2.5933,382.9,7/21/2024_9:21:13 PM,24.2
5574.0,1,2.5932,382.9,7/21/2024_9:21:15 PM,24.2
5576.0,1,2.5931,382.9,7/21/2024_9:21:17 PM,24.2
5578.0,1,2.593,382.9,7/21/2024_9:21:19 PM,24.2
5580.0,1,2.5929,382.9,7/21/2024_9:21:21 PM,24.2
5582.0,1,2.5928,382.9,7/21/2024_9:21:23 PM,24.2
5584.0,1,2.5927,382.9,7/21/2024_9:21:25 PM,24.2
5586.0,1,2.5926,382.9,7/21/2024_9:21:27 PM,24.2
5588.0,1,2.5925,382.9,7/21/2024_9:21:29 PM,24.2
5590.0,1,2.5924,382.8,7/21/2024_9:21:31 PM,24.2
5592.0,1,2.5923,382.8,7/21/2024_9:21:33 PM,24.2
5594.0,1,2.5922,382.8,7/21/2024_9:21:35 PM,24.2
5596.0,1,2.5921,382.8,7/21/2024_9:21:37 PM,24.2
5598.0,1,2.592,382.8,7/21/2024_9:21:39 PM,24.2
5600.0,1,2.5919,382.8,7/21/2024_9:21:41 PM,24.2
5602.0,1,2.5918,382.8,7/21/2024_9:21:43 PM,24.2
5604.0,1,2.5917,382.8,7/21/2024_9:21:45 PM,24.2
5606.0,1,2.5916,382.8,7/21/2024_9:21:47 PM,24.2
5608.0,1,2.5915,382.8,7/21/2024_9:21:49 PM,24.2
5610.0,1,2.5914,382.8,7/21/2024_9:21:51 PM,24.2
5612.0,1,2.5913,382.8,7/21/2024_9:21:53 PM,24.2
5614.0,1,2.5912,382.8,7/21/2024_9:21:55 PM,24.2
5616.0,1,2.5911,382.8,7/21/2024_9:21:57 PM,24.2
5618.0,1,2.591,382.8,7/21/2024_9:21:59 PM,24.2
5620.0,1,2.5909,382.8,7/21/2024_9:22:01 PM,24.2
5622.0,1,2.5908,382.8,7/21/2024_9:22:03 PM,24.2
5624.0,1,2.5907,382.7,7/21/2024_9:22:05 PM,24.2
5626.0,1,2.5906,382.7,7/21/2024_9:22:07 PM,24.2
5628.0,1,2.5905,382.7,7/21/2024_9:22:09 PM,24.2
5630.0,1,2.5904,382.7,7/21/2024_9:22:11 PM,24.2
5632.0,1,2.5903,382.7,7/21/2024_9:22:13 PM,24.2
5634.0,1,2.5902,382.7,7/21/2024_9:22:15 PM,24.2
5636.0,1,2.5902,382.7,7/21/2024_9:22:17 PM,24.2
5638.0,1,2.5901,382.7,7/21/2024_9:22:19 PM,24.2
5640.0,1,2.59,382.7,7/21/2024_9:22:21 PM,24.2
5642.0,1,2.5899,382.7,7/21/2024_9:22:23 PM,24.2
5644.0,1,2.5898,382.7,7/21/2024_9:22:25 PM,24.2
5646.0,1,2.5897,382.7,7/21/2024_9:22:27 PM,24.2
5648.0,1,2.5896,382.7,7/21/2024_9:22:29 PM,24.2
5650.0,1,2.5895,382.7,7/21/2024_9:22:31 PM,24.2
5652.0,1,2.5894,382.7,7/21/2024_9:22:33 PM,24.2
5654.0,1,2.5893,382.7,7/21/2024_9:22:35 PM,24.2
5656.0,1,2.5892,382.7,7/21/2024_9:22:37 PM,24.2
5658.0,1,2.5892,382.7,7/21/2024_9:22:39 PM,24.2
5660.0,1,2.5891,382.7,7/21/2024_9:22:41 PM,24.2
5662.0,1,2.589,382.7,7/21/2024_9:22:43 PM,24.2
5664.0,1,2.5889,382.6,7/21/2024_9:22:45 PM,24.2
5666.0,1,2.5888,382.6,7/21/2024_9:22:47 PM,24.2
5668.0,1,2.5887,382.6,7/21/2024_9:22:49 PM,24.2
5670.0,1,2.5886,382.6,7/21/2024_9:22:51 PM,24.2
5672.0,1,2.5885,382.6,7/21/2024_9:22:53 PM,24.2
5674.0,1,2.5884,382.6,7/21/2024_9:22:55 PM,24.2
5676.0,1,2.5883,382.6,7/21/2024_9:22:57 PM,24.2
5678.0,1,2.5883,382.6,7/21/2024_9:22:59 PM,24.2
5680.0,1,2.5882,382.6,7/21/2024_9:23:01 PM,24.2
5682.0,1,2.5881,382.6,7/21/2024_9:23:03 PM,24.2
5684.0,1,2.588,382.6,7/21/2024_9:23:05 PM,24.2
5686.0,1,2.5879,382.6,7/21/2024_9:23:07 PM,24.2
5688.0,1,2.5878,382.6,7/21/2024_9:23:09 PM,24.2
5690.0,1,2.5877,382.6,7/21/2024_9:23:11 PM,24.2
5692.0,1,2.5876,382.6,7/21/2024_9:23:13 PM,24.2
5694.0,1,2.5875,382.6,7/21/2024_9:23:15 PM,24.2
5696.0,1,2.5875,382.6,7/21/2024_9:23:17 PM,24.2
5698.0,1,2.5874,382.6,7/21/2024_9:23:19 PM,24.2
5700.0,1,2.5873,382.6,7/21/2024_9:23:21 PM,24.2
5702.0,1,2.5872,382.6,7/21/2024_9:23:23 PM,24.2
5704.0,1,2.5871,382.6,7/21/2024_9:23:25 PM,24.2
5706.0,1,2.587,382.6,7/21/2024_9:23:27 PM,24.2
5708.0,1,2.5869,382.6,7/21/2024_9:23:29 PM,24.2
5710.0,1,2.5869,382.6,7/21/2024_9:23:31 PM,24.2
5712.0,1,2.5868,382.6,7/21/2024_9:23:33 PM,24.2
5714.0,1,2.5867,382.6,7/21/2024_9:23:35 PM,24.2
5716.0,1,2.5866,382.6,7/21/2024_9:23:37 PM,24.2
5718.0,1,2.5865,382.6,7/21/2024_9:23:39 PM,24.2
5720.0,1,2.5864,382.6,7/21/2024_9:23:41 PM,24.2
5722.0,1,2.5864,382.6,7/21/2024_9:23:43 PM,24.2
5724.0,1,2.5863,382.5,7/21/2024_9:23:45 PM,24.2
5726.0,1,2.5862,382.5,7/21/2024_9:23:47 PM,24.2
5728.0,1,2.5861,382.5,7/21/2024_9:23:49 PM,24.2
5730.0,1,2.586,382.5,7/21/2024_9:23:51 PM,24.2
5732.0,1,2.5859,382.5,7/21/2024_9:23:53 PM,24.2
5734.0,1,2.5858,382.5,7/21/2024_9:23:55 PM,24.2
5736.0,1,2.5858,382.5,7/21/2024_9:23:57 PM,24.2
5738.0,1,2.5857,382.5,7/21/2024_9:23:59 PM,24.2
5740.0,1,2.5856,382.5,7/21/2024_9:24:01 PM,24.2
5742.0,1,2.5855,382.5,7/21/2024_9:24:03 PM,24.2
5744.0,1,2.5854,382.5,7/21/2024_9:24:05 PM,24.2
5746.0,1,2.5854,382.5,7/21/2024_9:24:07 PM,24.2
5748.0,1,2.5853,382.5,7/21/2024_9:24:09 PM,24.2
5750.0,1,2.5852,382.5,7/21/2024_9:24:11 PM,24.2
5752.0,1,2.5851,382.5,7/21/2024_9:24:13 PM,24.2
5754.0,1,2.585,382.5,7/21/2024_9:24:15 PM,24.2
5756.0,1,2.585,382.5,7/21/2024_9:24:17 PM,24.2
5758.0,1,2.5849,382.5,7/21/2024_9:24:19 PM,24.2
5760.0,1,2.5848,382.5,7/21/2024_9:24:21 PM,24.2
5762.0,1,2.5847,382.5,7/21/2024_9:24:23 PM,24.2
5764.0,1,2.5846,382.5,7/21/2024_9:24:25 PM,24.2
5766.0,1,2.5845,382.5,7/21/2024_9:24:27 PM,24.2
5768.0,1,2.5845,382.5,7/21/2024_9:24:29 PM,24.2
5770.0,1,2.5844,382.5,7/21/2024_9:24:31 PM,24.2
5772.0,1,2.5843,382.5,7/21/2024_9:24:33 PM,24.2
5774.0,1,2.5842,382.5,7/21/2024_9:24:35 PM,24.2
5776.0,1,2.5842,382.5,7/21/2024_9:24:37 PM,24.2
5778.0,1,2.5841,382.5,7/21/2024_9:24:39 PM,24.2
5780.0,1,2.584,382.5,7/21/2024_9:24:41 PM,24.2
5782.0,1,2.5839,382.5,7/21/2024_9:24:43 PM,24.2
5784.0,1,2.5839,382.4,7/21/2024_9:24:45 PM,24.2
5786.0,1,2.5838,382.4,7/21/2024_9:24:47 PM,24.2
5788.0,1,2.5837,382.4,7/21/2024_9:24:49 PM,24.2
5790.0,1,2.5837,382.4,7/21/2024_9:24:51 PM,24.2
5792.0,1,2.5836,382.4,7/21/2024_9:24:53 PM,24.2
5794.0,1,2.5835,382.4,7/21/2024_9:24:55 PM,24.2
5796.0,1,2.5835,382.4,7/21/2024_9:24:57 PM,24.2
5798.0,1,2.5834,382.4,7/21/2024_9:24:59 PM,24.2
5800.0,1,2.5833,382.4,7/21/2024_9:25:01 PM,24.2
5802.0,1,2.5833,382.4,7/21/2024_9:25:03 PM,24.2
5804.0,1,2.5832,382.4,7/21/2024_9:25:05 PM,24.2
5806.0,1,2.5831,382.4,7/21/2024_9:25:07 PM,24.2
5808.0,1,2.5831,382.4,7/21/2024_9:25:09 PM,24.2
5810.0,1,2.583,382.4,7/21/2024_9:25:11 PM,24.2
5812.0,1,2.5829,382.3,7/21/2024_9:25:13 PM,24.2
5814.0,1,2.5828,382.3,7/21/2024_9:25:15 PM,24.2
5816.0,1,2.5828,382.3,7/21/2024_9:25:17 PM,24.2
5818.0,1,2.5827,382.3,7/21/2024_9:25:19 PM,24.2
5820.0,1,2.5826,382.3,7/21/2024_9:25:21 PM,24.2
5822.0,1,2.5825,382.3,7/21/2024_9:25:23 PM,24.2
5824.0,1,2.5825,382.3,7/21/2024_9:25:25 PM,24.2
5826.0,1,2.5824,382.3,7/21/2024_9:25:27 PM,24.2
5828.0,1,2.5823,382.2,7/21/2024_9:25:29 PM,24.2
5830.0,1,2.5823,382.2,7/21/2024_9:25:31 PM,24.2
5832.0,1,2.5822,382.2,7/21/2024_9:25:33 PM,24.2
5834.0,1,2.5821,382.2,7/21/2024_9:25:35 PM,24.2
5836.0,1,2.5821,382.2,7/21/2024_9:25:37 PM,24.2
5838.0,1,2.582,382.2,7/21/2024_9:25:39 PM,24.2
5840.0,1,2.5819,382.2,7/21/2024_9:25:41 PM,24.2
5842.0,1,2.5819,382.2,7/21/2024_9:25:43 PM,24.2
5844.0,1,2.5818,382.2,7/21/2024_9:25:45 PM,24.2
5846.0,1,2.5817,382.2,7/21/2024_9:25:47 PM,24.2
5848.0,1,2.5816,382.2,7/21/2024_9:25:49 PM,24.2
5850.0,1,2.5816,382.1,7/21/2024_9:25:51 PM,24.2
5852.0,1,2.5816,382.1,7/21/2024_9:25:53 PM,24.2
5854.0,1,2.5815,382.1,7/21/2024_9:25:55 PM,24.2
5856.0,1,2.5814,382.1,7/21/2024_9:25:57 PM,24.2
5858.0,1,2.5813,382.1,7/21/2024_9:25:59 PM,24.2
5860.0,1,2.5813,382.1,7/21/2024_9:26:01 PM,24.2
5862.0,1,2.5812,382.1,7/21/2024_9:26:03 PM,24.2
5864.0,1,2.5811,382.1,7/21/2024_9:26:05 PM,24.2
5866.0,1,2.581,382.1,7/21/2024_9:26:07 PM,24.2
5868.0,1,2.581,382.1,7/21/2024_9:26:09 PM,24.2
5870.0,1,2.5809,382.1,7/21/2024_9:26:11 PM,24.2
5872.0,1,2.5808,382.0,7/21/2024_9:26:13 PM,24.2
5874.0,1,2.5808,382.0,7/21/2024_9:26:15 PM,24.2
5876.0,1,2.5807,382.0,7/21/2024_9:26:17 PM,24.2
5878.0,1,2.5806,382.0,7/21/2024_9:26:19 PM,24.2
5880.0,1,2.5806,382.0,7/21/2024_9:26:21 PM,24.2
5882.0,1,2.5805,382.0,7/21/2024_9:26:23 PM,24.2
5884.0,1,2.5804,382.0,7/21/2024_9:26:25 PM,24.2
5886.0,1,2.5804,382.0,7/21/2024_9:26:27 PM,24.2
5888.0,1,2.5803,382.0,7/21/2024_9:26:29 PM,24.2
5890.0,1,2.5802,382.0,7/21/2024_9:26:31 PM,24.2
5892.0,1,2.5802,382.0,7/21/2024_9:26:33 PM,24.2
5894.0,1,2.5801,382.0,7/21/2024_9:26:35 PM,24.2
5896.0,1,2.5801,382.0,7/21/2024_9:26:37 PM,24.2
5898.0,1,2.58,382.0,7/21/2024_9:26:39 PM,24.2
5900.0,1,2.5799,382.0,7/21/2024_9:26:41 PM,24.2
5902.0,1,2.5799,381.9,7/21/2024_9:26:43 PM,24.2
5904.0,1,2.5798,381.9,7/21/2024_9:26:45 PM,24.2
5906.0,1,2.5797,381.9,7/21/2024_9:26:47 PM,24.2
5908.0,1,2.5797,381.9,7/21/2024_9:26:49 PM,24.2
5910.0,1,2.5796,381.9,7/21/2024_9:26:51 PM,24.2
5912.0,1,2.5796,381.9,7/21/2024_9:26:53 PM,24.2
5914.0,1,2.5795,381.9,7/21/2024_9:26:55 PM,24.2
5916.0,1,2.5794,381.9,7/21/2024_9:26:57 PM,24.2
5918.0,1,2.5794,381.9,7/21/2024_9:26:59 PM,24.2
5920.0,1,2.5793,381.9,7/21/2024_9:27:01 PM,24.2
5922.0,1,2.5793,381.9,7/21/2024_9:27:03 PM,24.2
5924.0,1,2.5792,381.8,7/21/2024_9:27:05 PM,24.2
5926.0,1,2.5791,381.8,7/21/2024_9:27:07 PM,24.2
5928.0,1,2.5791,381.8,7/21/2024_9:27:09 PM,24.2
5930.0,1,2.579,381.8,7/21/2024_9:27:11 PM,24.2
5932.0,1,2.579,381.8,7/21/2024_9:27:13 PM,24.2
5934.0,1,2.5789,381.8,7/21/2024_9:27:15 PM,24.2
5936.0,1,2.5788,381.8,7/21/2024_9:27:17 PM,24.2
5938.0,1,2.5788,381.8,7/21/2024_9:27:19 PM,24.2
5940.0,1,2.5787,381.7,7/21/2024_9:27:21 PM,24.2
5942.0,1,2.5787,381.7,7/21/2024_9:27:23 PM,24.2
5944.0,1,2.5786,381.7,7/21/2024_9:27:25 PM,24.2
5946.0,1,2.5785,381.7,7/21/2024_9:27:27 PM,24.2
5948.0,1,2.5785,381.7,7/21/2024_9:27:29 PM,24.2
5950.0,1,2.5784,381.7,7/21/2024_9:27:31 PM,24.2
5952.0,1,2.5784,381.7,7/21/2024_9:27:33 PM,24.2
5954.0,1,2.5783,381.7,7/21/2024_9:27:35 PM,24.2
5956.0,1,2.5783,381.6,7/21/2024_9:27:37 PM,24.2
5958.0,1,2.5782,381.6,7/21/2024_9:27:39 PM,24.2
5960.0,1,2.5781,381.6,7/21/2024_9:27:41 PM,24.2
5962.0,1,2.5781,381.6,7/21/2024_9:27:43 PM,24.2
5964.0,1,2.578,381.6,7/21/2024_9:27:45 PM,24.2
5966.0,1,2.578,381.6,7/21/2024_9:27:47 PM,24.2
5968.0,1,2.5779,381.6,7/21/2024_9:27:49 PM,24.2
5970.0,1,2.5778,381.6,7/21/2024_9:27:51 PM,24.2
5972.0,1,2.5778,381.6,7/21/2024_9:27:53 PM,24.2
5974.0,1,2.5777,381.6,7/21/2024_9:27:55 PM,24.2
5976.0,1,2.5777,381.5,7/21/2024_9:27:57 PM,24.2
5978.0,1,2.5776,381.5,7/21/2024_9:27:59 PM,24.2
5980.0,1,2.5775,381.5,7/21/2024_9:28:01 PM,24.2
5982.0,1,2.5775,381.5,7/21/2024_9:28:03 PM,24.2
5984.0,1,2.5774,381.5,7/21/2024_9:28:05 PM,24.2
5986.0,1,2.5774,381.5,7/21/2024_9:28:07 PM,24.2
5988.0,1,2.5773,381.5,7/21/2024_9:28:09 PM,24.2
5990.0,1,2.5772,381.5,7/21/2024_9:28:11 PM,24.2
5992.0,1,2.5772,381.5,7/21/2024_9:28:13 PM,24.2
5994.0,1,2.5771,381.5,7/21/2024_9:28:15 PM,24.2
5996.0,1,2.5771,381.4,7/21/2024_9:28:17 PM,24.2
5998.0,1,2.577,381.4,7/21/2024_9:28:19 PM,24.2
6000.0,1,2.577,381.4,7/21/2024_9:28:21 PM,24.2
6002.0,1,2.5769,381.4,7/21/2024_9:28:23 PM,24.2
6004.0,1,2.5768,381.4,7/21/2024_9:28:25 PM,24.2
6006.0,1,2.5768,381.4,7/21/2024_9:28:27 PM,24.2
6008.0,1,2.5767,381.4,7/21/2024_9:28:29 PM,24.2
6010.0,1,2.5767,381.4,7/21/2024_9:28:31 PM,24.2
6012.0,1,2.5766,381.4,7/21/2024_9:28:33 PM,24.2
6014.0,1,2.5766,381.4,7/21/2024_9:28:35 PM,24.2
6016.0,1,2.5766,381.4,7/21/2024_9:28:37 PM,24.2
6018.0,1,2.5765,381.4,7/21/2024_9:28:39 PM,24.2
6020.0,1,2.5764,381.4,7/21/2024_9:28:41 PM,24.2
6022.0,1,2.5764,381.3,7/21/2024_9:28:43 PM,24.2
6024.0,1,2.5763,381.3,7/21/2024_9:28:45 PM,24.2
6026.0,1,2.5763,381.3,7/21/2024_9:28:47 PM,24.2
6028.0,1,2.5762,381.3,7/21/2024_9:28:49 PM,24.2
6030.0,1,2.5762,381.3,7/21/2024_9:28:51 PM,24.2
6032.0,1,2.5761,381.3,7/21/2024_9:28:53 PM,24.2
6034.0,1,2.576,381.3,7/21/2024_9:28:55 PM,24.2
6036.0,1,2.576,381.3,7/21/2024_9:28:57 PM,24.2
6038.0,1,2.5759,381.3,7/21/2024_9:28:59 PM,24.2
6040.0,1,2.5759,381.3,7/21/2024_9:29:01 PM,24.2
6042.0,1,2.5758,381.2,7/21/2024_9:29:03 PM,24.2
6044.0,1,2.5758,381.2,7/21/2024_9:29:05 PM,24.2
6046.0,1,2.5757,381.2,7/21/2024_9:29:07 PM,24.2
6048.0,1,2.5757,381.2,7/21/2024_9:29:09 PM,24.2
6050.0,1,2.5756,381.2,7/21/2024_9:29:11 PM,24.2
6052.0,1,2.5755,381.2,7/21/2024_9:29:13 PM,24.2
6054.0,1,2.5755,381.2,7/21/2024_9:29:15 PM,24.2
6056.0,1,2.5755,381.2,7/21/2024_9:29:17 PM,24.2
6058.0,1,2.5754,381.2,7/21/2024_9:29:19 PM,24.2
6060.0,1,2.5753,381.2,7/21/2024_9:29:21 PM,24.2
6062.0,1,2.5753,381.2,7/21/2024_9:29:23 PM,24.2
6064.0,1,2.5753,381.2,7/21/2024_9:29:25 PM,24.2
6066.0,1,2.5752,381.2,7/21/2024_9:29:27 PM,24.2
6068.0,1,2.5751,381.1,7/21/2024_9:29:29 PM,24.2
6070.0,1,2.5751,381.1,7/21/2024_9:29:31 PM,24.2
6072.0,1,2.575,381.1,7/21/2024_9:29:33 PM,24.2
6074.0,1,2.575,381.1,7/21/2024_9:29:35 PM,24.2
6076.0,1,2.5749,381.1,7/21/2024_9:29:37 PM,24.2
6078.0,1,2.5749,381.1,7/21/2024_9:29:39 PM,24.2
6080.0,1,2.5748,381.1,7/21/2024_9:29:41 PM,24.2
6082.0,1,2.5748,381.1,7/21/2024_9:29:43 PM,24.2
6084.0,1,2.5747,381.1,7/21/2024_9:29:45 PM,24.2
6086.0,1,2.5747,381.1,7/21/2024_9:29:47 PM,24.2
6088.0,1,2.5746,381.0,7/21/2024_9:29:49 PM,24.2
6090.0,1,2.5746,381.0,7/21/2024_9:29:51 PM,24.2
6092.0,1,2.5745,381.0,7/21/2024_9:29:53 PM,24.2
6094.0,1,2.5745,381.0,7/21/2024_9:29:55 PM,24.2
6096.0,1,2.5744,381.0,7/21/2024_9:29:57 PM,24.2
6098.0,1,2.5744,381.0,7/21/2024_9:29:59 PM,24.2
6100.0,1,2.5743,381.0,7/21/2024_9:30:01 PM,24.2
6102.0,1,2.5743,381.0,7/21/2024_9:30:03 PM,24.2
6104.0,1,2.5742,381.0,7/21/2024_9:30:05 PM,24.2
6106.0,1,2.5742,381.0,7/21/2024_9:30:07 PM,24.2
6108.0,1,2.5741,381.0,7/21/2024_9:30:09 PM,24.2
6110.0,1,2.5741,381.0,7/21/2024_9:30:11 PM,24.2
6112.0,1,2.574,381.0,7/21/2024_9:30:13 PM,24.2
6114.0,1,2.574,381.0,7/21/2024_9:30:15 PM,24.2
6116.0,1,2.5739,381.0,7/21/2024_9:30:17 PM,24.2
6118.0,1,2.5739,381.0,7/21/2024_9:30:19 PM,24.2
6120.0,1,2.5739,381.0,7/21/2024_9:30:21 PM,24.2
6122.0,1,2.5738,381.0,7/21/2024_9:30:23 PM,24.2
6124.0,1,2.5738,381.0,7/21/2024_9:30:25 PM,24.2
6126.0,1,2.5737,381.0,7/21/2024_9:30:27 PM,24.2
6128.0,1,2.5737,381.0,7/21/2024_9:30:29 PM,24.2
6130.0,1,2.5736,381.0,7/21/2024_9:30:31 PM,24.2
6132.0,1,2.5736,381.0,7/21/2024_9:30:33 PM,24.2
6134.0,1,2.5735,381.0,7/21/2024_9:30:35 PM,24.2
6136.0,1,2.5735,381.0,7/21/2024_9:30:37 PM,24.2
6138.0,1,2.5734,381.0,7/21/2024_9:30:39 PM,24.2
6140.0,1,2.5734,381.0,7/21/2024_9:30:41 PM,24.2
6142.0,1,2.5733,380.9,7/21/2024_9:30:43 PM,24.2
6144.0,1,2.5733,380.9,7/21/2024_9:30:45 PM,24.2
6146.0,1,2.5732,380.9,7/21/2024_9:30:47 PM,24.1
6148.0,1,2.5732,380.9,7/21/2024_9:30:49 PM,24.1
6150.0,1,2.5731,380.9,7/21/2024_9:30:51 PM,24.1
6152.0,1,2.5731,380.9,7/21/2024_9:30:53 PM,24.1
6154.0,1,2.5731,380.9,7/21/2024_9:30:55 PM,24.1
6156.0,1,2.573,380.9,7/21/2024_9:30:57 PM,24.1
6158.0,1,2.573,380.9,7/21/2024_9:30:59 PM,24.1
6160.0,1,2.5729,380.9,7/21/2024_9:31:01 PM,24.1
6162.0,1,2.5729,380.9,7/21/2024_9:31:03 PM,24.1
6164.0,1,2.5728,380.9,7/21/2024_9:31:05 PM,24.1
6166.0,1,2.5728,380.9,7/21/2024_9:31:07 PM,24.1
6168.0,1,2.5727,380.9,7/21/2024_9:31:09 PM,24.1
6170.0,1,2.5726,380.9,7/21/2024_9:31:11 PM,24.1
6172.0,1,2.5726,380.9,7/21/2024_9:31:13 PM,24.1
6174.0,1,2.5726,380.9,7/21/2024_9:31:15 PM,24.1
6176.0,1,2.5725,380.8,7/21/2024_9:31:17 PM,24.1
6178.0,1,2.5725,380.8,7/21/2024_9:31:19 PM,24.1
6180.0,1,2.5724,380.8,7/21/2024_9:31:21 PM,24.1
6182.0,1,2.5724,380.8,7/21/2024_9:31:23 PM,24.1
6184.0,1,2.5723,380.8,7/21/2024_9:31:25 PM,24.1
6186.0,1,2.5723,380.8,7/21/2024_9:31:27 PM,24.1
6188.0,1,2.5722,380.8,7/21/2024_9:31:29 PM,24.1
6190.0,1,2.5722,380.8,7/21/2024_9:31:31 PM,24.1
6192.0,1,2.5722,380.8,7/21/2024_9:31:33 PM,24.1
6194.0,1,2.5721,380.8,7/21/2024_9:31:35 PM,24.1
6196.0,1,2.572,380.8,7/21/2024_9:31:37 PM,24.1
6198.0,1,2.572,380.8,7/21/2024_9:31:39 PM,24.1
6200.0,1,2.572,380.8,7/21/2024_9:31:41 PM,24.1
6202.0,1,2.5719,380.8,7/21/2024_9:31:43 PM,24.1
6204.0,1,2.5719,380.8,7/21/2024_9:31:45 PM,24.1
6206.0,1,2.5718,380.8,7/21/2024_9:31:47 PM,24.1
6208.0,1,2.5718,380.8,7/21/2024_9:31:49 PM,24.1
6210.0,1,2.5717,380.8,7/21/2024_9:31:51 PM,24.1
6212.0,1,2.5716,380.8,7/21/2024_9:31:53 PM,24.1
6214.0,1,2.5716,380.8,7/21/2024_9:31:55 PM,24.1
6216.0,1,2.5716,380.8,7/21/2024_9:31:57 PM,24.1
6218.0,1,2.5715,380.8,7/21/2024_9:31:59 PM,24.1
6220.0,1,2.5715,380.8,7/21/2024_9:32:01 PM,24.1
6222.0,1,2.5715,380.8,7/21/2024_9:32:03 PM,24.1
6224.0,1,2.5714,380.8,7/21/2024_9:32:05 PM,24.1
6226.0,1,2.5713,380.7,7/21/2024_9:32:07 PM,24.1
6228.0,1,2.5713,380.7,7/21/2024_9:32:09 PM,24.1
6230.0,1,2.5713,380.7,7/21/2024_9:32:11 PM,24.1
6232.0,1,2.5712,380.7,7/21/2024_9:32:13 PM,24.1
6234.0,1,2.5712,380.7,7/21/2024_9:32:15 PM,24.1
6236.0,1,2.5711,380.7,7/21/2024_9:32:17 PM,24.1
6238.0,1,2.5711,380.7,7/21/2024_9:32:19 PM,24.1
6240.0,1,2.571,380.7,7/21/2024_9:32:21 PM,24.1
6242.0,1,2.571,380.7,7/21/2024_9:32:23 PM,24.1
6244.0,1,2.5709,380.7,7/21/2024_9:32:25 PM,24.1
6246.0,1,2.5709,380.7,7/21/2024_9:32:27 PM,24.1
6248.0,1,2.5709,380.7,7/21/2024_9:32:29 PM,24.1
6250.0,1,2.5708,380.7,7/21/2024_9:32:31 PM,24.1
6252.0,1,2.5708,380.7,7/21/2024_9:32:33 PM,24.1
6254.0,1,2.5707,380.7,7/21/2024_9:32:35 PM,24.1
6256.0,1,2.5707,380.7,7/21/2024_9:32:37 PM,24.1
6258.0,1,2.5707,380.7,7/21/2024_9:32:39 PM,24.1
6260.0,1,2.5706,380.7,7/21/2024_9:32:41 PM,24.1
6262.0,1,2.5706,380.7,7/21/2024_9:32:43 PM,24.1
6264.0,1,2.5705,380.7,7/21/2024_9:32:45 PM,24.1
6266.0,1,2.5705,380.7,7/21/2024_9:32:47 PM,24.1
6268.0,1,2.5704,380.7,7/21/2024_9:32:49 PM,24.1
6270.0,1,2.5704,380.7,7/21/2024_9:32:51 PM,24.1
6272.0,1,2.5703,380.7,7/21/2024_9:32:53 PM,24.1
6274.0,1,2.5703,380.7,7/21/2024_9:32:55 PM,24.1
6276.0,1,2.5702,380.7,7/21/2024_9:32:57 PM,24.1
6278.0,1,2.5702,380.7,7/21/2024_9:32:59 PM,24.1
6280.0,1,2.5702,380.7,7/21/2024_9:33:01 PM,24.1
6282.0,1,2.5701,380.7,7/21/2024_9:33:03 PM,24.1
6284.0,1,2.5701,380.7,7/21/2024_9:33:05 PM,24.1
6286.0,1,2.57,380.7,7/21/2024_9:33:07 PM,24.1
6288.0,1,2.57,380.6,7/21/2024_9:33:09 PM,24.1
6290.0,1,2.57,380.6,7/21/2024_9:33:11 PM,24.1
6292.0,1,2.5699,380.6,7/21/2024_9:33:13 PM,24.1
6294.0,1,2.5699,380.6,7/21/2024_9:33:15 PM,24.1
6296.0,1,2.5699,380.6,7/21/2024_9:33:17 PM,24.1
6298.0,1,2.5698,380.6,7/21/2024_9:33:19 PM,24.1
6300.0,1,2.5698,380.6,7/21/2024_9:33:21 PM,24.1
6302.0,1,2.5697,380.6,7/21/2024_9:33:23 PM,24.1
6304.0,1,2.5697,380.6,7/21/2024_9:33:25 PM,24.1
6306.0,1,2.5697,380.6,7/21/2024_9:33:27 PM,24.1
6308.0,1,2.5696,380.6,7/21/2024_9:33:29 PM,24.1
6310.0,1,2.5696,380.6,7/21/2024_9:33:31 PM,24.1
6312.0,1,2.5695,380.6,7/21/2024_9:33:33 PM,24.1
6314.0,1,2.5695,380.6,7/21/2024_9:33:35 PM,24.1
6316.0,1,2.5694,380.6,7/21/2024_9:33:37 PM,24.1
6318.0,1,2.5694,380.6,7/21/2024_9:33:39 PM,24.1
6320.0,1,2.5693,380.6,7/21/2024_9:33:41 PM,24.1
6322.0,1,2.5693,380.6,7/21/2024_9:33:43 PM,24.1
6324.0,1,2.5692,380.6,7/21/2024_9:33:45 PM,24.1
6326.0,1,2.5692,380.6,7/21/2024_9:33:47 PM,24.1
6328.0,1,2.5692,380.6,7/21/2024_9:33:49 PM,24.1
6330.0,1,2.5691,380.6,7/21/2024_9:33:51 PM,24.1
6332.0,1,2.5691,380.6,7/21/2024_9:33:53 PM,24.1
6334.0,1,2.569,380.6,7/21/2024_9:33:55 PM,24.1
6336.0,1,2.569,380.6,7/21/2024_9:33:57 PM,24.1
6338.0,1,2.569,380.6,7/21/2024_9:33:59 PM,24.1
6340.0,1,2.5689,380.6,7/21/2024_9:34:01 PM,24.1
6342.0,1,2.5689,380.6,7/21/2024_9:34:03 PM,24.1
6344.0,1,2.5688,380.6,7/21/2024_9:34:05 PM,24.1
6346.0,1,2.5688,380.6,7/21/2024_9:34:07 PM,24.1
6348.0,1,2.5688,380.6,7/21/2024_9:34:09 PM,24.1
6350.0,1,2.5687,380.6,7/21/2024_9:34:11 PM,24.1
6352.0,1,2.5687,380.6,7/21/2024_9:34:13 PM,24.1
6354.0,1,2.5686,380.6,7/21/2024_9:34:15 PM,24.1
6356.0,1,2.5686,380.6,7/21/2024_9:34:17 PM,24.1
6358.0,1,2.5686,380.6,7/21/2024_9:34:19 PM,24.1
6360.0,1,2.5685,380.6,7/21/2024_9:34:21 PM,24.1
6362.0,1,2.5685,380.5,7/21/2024_9:34:23 PM,24.1
6364.0,1,2.5684,380.5,7/21/2024_9:34:25 PM,24.1
6366.0,1,2.5684,380.5,7/21/2024_9:34:27 PM,24.1
6368.0,1,2.5683,380.5,7/21/2024_9:34:29 PM,24.1
6370.0,1,2.5683,380.5,7/21/2024_9:34:31 PM,24.1
6372.0,1,2.5683,380.5,7/21/2024_9:34:33 PM,24.1
6374.0,1,2.5682,380.5,7/21/2024_9:34:35 PM,24.1
6376.0,1,2.5682,380.5,7/21/2024_9:34:37 PM,24.1
6378.0,1,2.5681,380.5,7/21/2024_9:34:39 PM,24.1
6380.0,1,2.5681,380.5,7/21/2024_9:34:41 PM,24.1
6382.0,1,2.5681,380.5,7/21/2024_9:34:43 PM,24.1
6384.0,1,2.568,380.5,7/21/2024_9:34:45 PM,24.1
6386.0,1,2.568,380.5,7/21/2024_9:34:47 PM,24.1
6388.0,1,2.5679,380.5,7/21/2024_9:34:49 PM,24.1
6390.0,1,2.5679,380.5,7/21/2024_9:34:51 PM,24.1
6392.0,1,2.5678,380.5,7/21/2024_9:34:53 PM,24.1
6394.0,1,2.5678,380.5,7/21/2024_9:34:55 PM,24.1
6396.0,1,2.5678,380.5,7/21/2024_9:34:57 PM,24.1
6398.0,1,2.5677,380.5,7/21/2024_9:34:59 PM,24.1
6400.0,1,2.5677,380.5,7/21/2024_9:35:01 PM,24.1
6402.0,1,2.5676,380.5,7/21/2024_9:35:03 PM,24.1
6404.0,1,2.5676,380.5,7/21/2024_9:35:05 PM,24.1
6406.0,1,2.5676,380.5,7/21/2024_9:35:07 PM,24.1
6408.0,1,2.5675,380.5,7/21/2024_9:35:09 PM,24.1
6410.0,1,2.5675,380.5,7/21/2024_9:35:11 PM,24.1
6412.0,1,2.5675,380.5,7/21/2024_9:35:13 PM,24.1
6414.0,1,2.5674,380.5,7/21/2024_9:35:15 PM,24.1
6416.0,1,2.5674,380.5,7/21/2024_9:35:17 PM,24.1
6418.0,1,2.5673,380.5,7/21/2024_9:35:19 PM,24.1
6420.0,1,2.5673,380.5,7/21/2024_9:35:21 PM,24.1
6422.0,1,2.5673,380.5,7/21/2024_9:35:23 PM,24.1
6424.0,1,2.5672,380.5,7/21/2024_9:35:25 PM,24.1
6426.0,1,2.5672,380.5,7/21/2024_9:35:27 PM,24.1
6428.0,1,2.5671,380.5,7/21/2024_9:35:29 PM,24.1
6430.0,1,2.5671,380.5,7/21/2024_9:35:31 PM,24.1
6432.0,1,2.5671,380.5,7/21/2024_9:35:33 PM,24.1
6434.0,1,2.567,380.5,7/21/2024_9:35:35 PM,24.1
6436.0,1,2.567,380.5,7/21/2024_9:35:37 PM,24.1
6438.0,1,2.567,380.5,7/21/2024_9:35:39 PM,24.1
6440.0,1,2.5669,380.5,7/21/2024_9:35:41 PM,24.1
6442.0,1,2.5669,380.5,7/21/2024_9:35:43 PM,24.1
6444.0,1,2.5668,380.5,7/21/2024_9:35:45 PM,24.1
6446.0,1,2.5668,380.5,7/21/2024_9:35:47 PM,24.1
6448.0,1,2.5668,380.5,7/21/2024_9:35:49 PM,24.1
6450.0,1,2.5667,380.5,7/21/2024_9:35:51 PM,24.1
6452.0,1,2.5667,380.5,7/21/2024_9:35:53 PM,24.1
6454.0,1,2.5667,380.5,7/21/2024_9:35:55 PM,24.1
6456.0,1,2.5667,380.5,7/21/2024_9:35:57 PM,24.1
6458.0,1,2.5666,380.5,7/21/2024_9:35:59 PM,24.1
6460.0,1,2.5666,380.5,7/21/2024_9:36:01 PM,24.1
6462.0,1,2.5665,380.4,7/21/2024_9:36:03 PM,24.1
6464.0,1,2.5665,380.4,7/21/2024_9:36:05 PM,24.1
6466.0,1,2.5665,380.4,7/21/2024_9:36:07 PM,24.1
6468.0,1,2.5664,380.4,7/21/2024_9:36:09 PM,24.1
6470.0,1,2.5664,380.4,7/21/2024_9:36:11 PM,24.1
6472.0,1,2.5664,380.4,7/21/2024_9:36:13 PM,24.1
6474.0,1,2.5663,380.4,7/21/2024_9:36:15 PM,24.1
6476.0,1,2.5663,380.4,7/21/2024_9:36:17 PM,24.1
6478.0,1,2.5663,380.4,7/21/2024_9:36:19 PM,24.1
6480.0,1,2.5662,380.4,7/21/2024_9:36:21 PM,24.1
6482.0,1,2.5662,380.4,7/21/2024_9:36:23 PM,24.1
6484.0,1,2.5661,380.4,7/21/2024_9:36:25 PM,24.1
6486.0,1,2.5661,380.4,7/21/2024_9:36:27 PM,24.1
6488.0,1,2.5661,380.4,7/21/2024_9:36:29 PM,24.1
6490.0,1,2.5661,380.4,7/21/2024_9:36:31 PM,24.1
6492.0,1,2.566,380.4,7/21/2024_9:36:33 PM,24.1
6494.0,1,2.566,380.4,7/21/2024_9:36:35 PM,24.1
6496.0,1,2.5659,380.4,7/21/2024_9:36:37 PM,24.1
6498.0,1,2.5659,380.4,7/21/2024_9:36:39 PM,24.1
6500.0,1,2.5659,380.4,7/21/2024_9:36:41 PM,24.1
6502.0,1,2.5658,380.4,7/21/2024_9:36:43 PM,24.1
6504.0,1,2.5658,380.4,7/21/2024_9:36:45 PM,24.1
6506.0,1,2.5658,380.4,7/21/2024_9:36:47 PM,24.1
6508.0,1,2.5658,380.4,7/21/2024_9:36:49 PM,24.1
6510.0,1,2.5657,380.4,7/21/2024_9:36:51 PM,24.1
6512.0,1,2.5657,380.4,7/21/2024_9:36:53 PM,24.1
6514.0,1,2.5657,380.4,7/21/2024_9:36:55 PM,24.1
6516.0,1,2.5656,380.4,7/21/2024_9:36:57 PM,24.1
6518.0,1,2.5656,380.4,7/21/2024_9:36:59 PM,24.1
6520.0,1,2.5656,380.4,7/21/2024_9:37:01 PM,24.1
6522.0,1,2.5655,380.4,7/21/2024_9:37:03 PM,24.1
6524.0,1,2.5655,380.4,7/21/2024_9:37:05 PM,24.1
6526.0,1,2.5654,380.4,7/21/2024_9:37:07 PM,24.1
6528.0,1,2.5654,380.4,7/21/2024_9:37:09 PM,24.1
6530.0,1,2.5654,380.4,7/21/2024_9:37:11 PM,24.1
6532.0,1,2.5654,380.3,7/21/2024_9:37:13 PM,24.1
6534.0,1,2.5653,380.3,7/21/2024_9:37:15 PM,24.1
6536.0,1,2.5653,380.3,7/21/2024_9:37:17 PM,24.1
6538.0,1,2.5653,380.3,7/21/2024_9:37:19 PM,24.1
6540.0,1,2.5652,380.3,7/21/2024_9:37:21 PM,24.1
6542.0,1,2.5652,380.3,7/21/2024_9:37:23 PM,24.1
6544.0,1,2.5652,380.3,7/21/2024_9:37:25 PM,24.1
6546.0,1,2.5651,380.3,7/21/2024_9:37:27 PM,24.1
6548.0,1,2.5651,380.3,7/21/2024_9:37:29 PM,24.1
6550.0,1,2.5651,380.3,7/21/2024_9:37:31 PM,24.1
6552.0,1,2.565,380.3,7/21/2024_9:37:33 PM,24.1
6554.0,1,2.565,380.3,7/21/2024_9:37:35 PM,24.1
6556.0,1,2.565,380.3,7/21/2024_9:37:37 PM,24.1
6558.0,1,2.565,380.3,7/21/2024_9:37:39 PM,24.1
6560.0,1,2.5649,380.3,7/21/2024_9:37:41 PM,24.1
6562.0,1,2.5649,380.3,7/21/2024_9:37:43 PM,24.1
6564.0,1,2.5648,380.3,7/21/2024_9:37:45 PM,24.1
6566.0,1,2.5648,380.3,7/21/2024_9:37:47 PM,24.1
6568.0,1,2.5648,380.3,7/21/2024_9:37:49 PM,24.1
6570.0,1,2.5647,380.3,7/21/2024_9:37:51 PM,24.1
6572.0,1,2.5647,380.3,7/21/2024_9:37:53 PM,24.1
6574.0,1,2.5647,380.3,7/21/2024_9:37:55 PM,24.1
6576.0,1,2.5646,380.3,7/21/2024_9:37:57 PM,24.1
6578.0,1,2.5646,380.3,7/21/2024_9:37:59 PM,24.1
6580.0,1,2.5646,380.3,7/21/2024_9:38:01 PM,24.1
6582.0,1,2.5645,380.3,7/21/2024_9:38:03 PM,24.1
6584.0,1,2.5645,380.3,7/21/2024_9:38:05 PM,24.1
6586.0,1,2.5645,380.3,7/21/2024_9:38:07 PM,24.1
6588.0,1,2.5644,380.3,7/21/2024_9:38:09 PM,24.1
6590.0,1,2.5644,380.3,7/21/2024_9:38:11 PM,24.1
6592.0,1,2.5644,380.3,7/21/2024_9:38:13 PM,24.1
6594.0,1,2.5643,380.3,7/21/2024_9:38:15 PM,24.1
6596.0,1,2.5643,380.3,7/21/2024_9:38:17 PM,24.1
6598.0,1,2.5643,380.3,7/21/2024_9:38:19 PM,24.1
6600.0,1,2.5643,380.3,7/21/2024_9:38:21 PM,24.1
6602.0,1,2.5642,380.3,7/21/2024_9:38:23 PM,24.1
6604.0,1,2.5642,380.3,7/21/2024_9:38:25 PM,24.1
6606.0,1,2.5641,380.3,7/21/2024_9:38:27 PM,24.1
6608.0,1,2.5641,380.3,7/21/2024_9:38:29 PM,24.1
6610.0,1,2.5641,380.3,7/21/2024_9:38:31 PM,24.1
6612.0,1,2.564,380.2,7/21/2024_9:38:33 PM,24.1
6614.0,1,2.564,380.2,7/21/2024_9:38:35 PM,24.1
6616.0,1,2.564,380.2,7/21/2024_9:38:37 PM,24.1
6618.0,1,2.564,380.2,7/21/2024_9:38:39 PM,24.1
6620.0,1,2.5639,380.2,7/21/2024_9:38:41 PM,24.1
6622.0,1,2.5639,380.2,7/21/2024_9:38:43 PM,24.1
6624.0,1,2.5638,380.2,7/21/2024_9:38:45 PM,24.1
6626.0,1,2.5638,380.2,7/21/2024_9:38:47 PM,24.1
6628.0,1,2.5638,380.2,7/21/2024_9:38:49 PM,24.1
6630.0,1,2.5638,380.2,7/21/2024_9:38:51 PM,24.1
6632.0,1,2.5637,380.2,7/21/2024_9:38:53 PM,24.1
6634.0,1,2.5637,380.2,7/21/2024_9:38:55 PM,24.1
6636.0,1,2.5637,380.2,7/21/2024_9:38:57 PM,24.1
6638.0,1,2.5637,380.2,7/21/2024_9:38:59 PM,24.1
6640.0,1,2.5636,380.2,7/21/2024_9:39:01 PM,24.1
6642.0,1,2.5636,380.2,7/21/2024_9:39:03 PM,24.1
6644.0,1,2.5635,380.2,7/21/2024_9:39:05 PM,24.1
6646.0,1,2.5635,380.2,7/21/2024_9:39:07 PM,24.1
6648.0,1,2.5635,380.2,7/21/2024_9:39:09 PM,24.1
6650.0,1,2.5635,380.2,7/21/2024_9:39:11 PM,24.1
6652.0,1,2.5634,380.2,7/21/2024_9:39:13 PM,24.1
6654.0,1,2.5634,380.2,7/21/2024_9:39:15 PM,24.1
6656.0,1,2.5634,380.2,7/21/2024_9:39:17 PM,24.1
6658.0,1,2.5633,380.2,7/21/2024_9:39:19 PM,24.1
6660.0,1,2.5633,380.2,7/21/2024_9:39:21 PM,24.1
6662.0,1,2.5633,380.2,7/21/2024_9:39:23 PM,24.1
6664.0,1,2.5632,380.2,7/21/2024_9:39:25 PM,24.1
6666.0,1,2.5632,380.2,7/21/2024_9:39:27 PM,24.1
6668.0,1,2.5632,380.2,7/21/2024_9:39:29 PM,24.1
6670.0,1,2.5631,380.2,7/21/2024_9:39:31 PM,24.1
6672.0,1,2.5631,380.2,7/21/2024_9:39:33 PM,24.1
6674.0,1,2.5631,380.2,7/21/2024_9:39:35 PM,24.1
6676.0,1,2.563,380.2,7/21/2024_9:39:37 PM,24.1
6678.0,1,2.563,380.2,7/21/2024_9:39:39 PM,24.1
6680.0,1,2.563,380.2,7/21/2024_9:39:41 PM,24.1
6682.0,1,2.5629,380.2,7/21/2024_9:39:43 PM,24.1
6684.0,1,2.5629,380.2,7/21/2024_9:39:45 PM,24.1
6686.0,1,2.5629,380.2,7/21/2024_9:39:47 PM,24.1
6688.0,1,2.5629,380.2,7/21/2024_9:39:49 PM,24.1
6690.0,1,2.5628,380.2,7/21/2024_9:39:51 PM,24.1
6692.0,1,2.5628,380.2,7/21/2024_9:39:53 PM,24.0
6694.0,1,2.5628,380.2,7/21/2024_9:39:55 PM,24.0
6696.0,1,2.5627,380.2,7/21/2024_9:39:57 PM,24.0
6698.0,1,2.5627,380.2,7/21/2024_9:39:59 PM,24.0
6700.0,1,2.5627,380.2,7/21/2024_9:40:01 PM,24.0
6702.0,1,2.5627,380.2,7/21/2024_9:40:03 PM,24.0
6704.0,1,2.5626,380.2,7/21/2024_9:40:05 PM,24.0
6706.0,1,2.5626,380.2,7/21/2024_9:40:07 PM,24.0
6708.0,1,2.5625,380.2,7/21/2024_9:40:09 PM,24.0
6710.0,1,2.5625,380.2,7/21/2024_9:40:11 PM,24.0
6712.0,1,2.5625,380.2,7/21/2024_9:40:13 PM,24.0
6714.0,1,2.5625,380.2,7/21/2024_9:40:15 PM,24.0
6716.0,1,2.5624,380.2,7/21/2024_9:40:17 PM,24.0
6718.0,1,2.5624,380.2,7/21/2024_9:40:19 PM,24.0
6720.0,1,2.5624,380.2,7/21/2024_9:40:21 PM,24.0
6722.0,1,2.5623,380.2,7/21/2024_9:40:23 PM,24.0
6724.0,1,2.5623,380.2,7/21/2024_9:40:25 PM,24.0
6726.0,1,2.5623,380.2,7/21/2024_9:40:27 PM,24.0
6728.0,1,2.5623,380.2,7/21/2024_9:40:29 PM,24.0
6730.0,1,2.5622,380.2,7/21/2024_9:40:31 PM,24.0
6732.0,1,2.5622,380.2,7/21/2024_9:40:33 PM,24.0
6734.0,1,2.5622,380.2,7/21/2024_9:40:35 PM,24.0
6736.0,1,2.5621,380.2,7/21/2024_9:40:37 PM,24.0
6738.0,1,2.5621,380.2,7/21/2024_9:40:39 PM,24.0
6740.0,1,2.5621,380.2,7/21/2024_9:40:41 PM,24.0
6742.0,1,2.5621,380.2,7/21/2024_9:40:43 PM,24.0
6744.0,1,2.562,380.2,7/21/2024_9:40:45 PM,24.0
6746.0,1,2.562,380.2,7/21/2024_9:40:47 PM,24.0
6748.0,1,2.562,380.2,7/21/2024_9:40:49 PM,24.0
6750.0,1,2.562,380.2,7/21/2024_9:40:51 PM,24.0
6752.0,1,2.5619,380.2,7/21/2024_9:40:53 PM,24.0
6754.0,1,2.5619,380.2,7/21/2024_9:40:55 PM,24.0
6756.0,1,2.5619,380.2,7/21/2024_9:40:57 PM,24.0
6758.0,1,2.5618,380.2,7/21/2024_9:40:59 PM,24.0
6760.0,1,2.5618,380.2,7/21/2024_9:41:01 PM,24.0
6762.0,1,2.5618,380.2,7/21/2024_9:41:03 PM,24.0
6764.0,1,2.5617,380.2,7/21/2024_9:41:05 PM,24.0
6766.0,1,2.5617,380.2,7/21/2024_9:41:07 PM,24.0
6768.0,1,2.5617,380.2,7/21/2024_9:41:09 PM,24.0
6770.0,1,2.5617,380.2,7/21/2024_9:41:11 PM,24.0
6772.0,1,2.5616,380.2,7/21/2024_9:41:13 PM,24.0
6774.0,1,2.5616,380.2,7/21/2024_9:41:15 PM,24.0
6776.0,1,2.5616,380.2,7/21/2024_9:41:17 PM,24.0
6778.0,1,2.5615,380.2,7/21/2024_9:41:19 PM,24.0
6780.0,1,2.5615,380.2,7/21/2024_9:41:21 PM,24.0
6782.0,1,2.5615,380.2,7/21/2024_9:41:23 PM,24.0
6784.0,1,2.5614,380.2,7/21/2024_9:41:25 PM,24.0
6786.0,1,2.5614,380.2,7/21/2024_9:41:27 PM,24.0
6788.0,1,2.5614,380.2,7/21/2024_9:41:29 PM,24.0
6790.0,1,2.5614,380.2,7/21/2024_9:41:31 PM,24.0
6792.0,1,2.5613,380.2,7/21/2024_9:41:33 PM,24.0
6794.0,1,2.5613,380.2,7/21/2024_9:41:35 PM,24.0
6796.0,1,2.5613,380.2,7/21/2024_9:41:37 PM,24.0
6798.0,1,2.5612,380.2,7/21/2024_9:41:39 PM,24.0
6800.0,1,2.5612,380.2,7/21/2024_9:41:41 PM,24.0
6802.0,1,2.5612,380.2,7/21/2024_9:41:43 PM,24.0
6804.0,1,2.5612,380.2,7/21/2024_9:41:45 PM,24.0
6806.0,1,2.5611,380.2,7/21/2024_9:41:47 PM,24.0
6808.0,1,2.5611,380.2,7/21/2024_9:41:49 PM,24.0
6810.0,1,2.5611,380.2,7/21/2024_9:41:51 PM,24.0
6812.0,1,2.561,380.2,7/21/2024_9:41:53 PM,24.0
6814.0,1,2.561,380.2,7/21/2024_9:41:55 PM,24.0
6816.0,1,2.561,380.2,7/21/2024_9:41:57 PM,24.0
6818.0,1,2.5609,380.2,7/21/2024_9:41:59 PM,24.0
6820.0,1,2.5609,380.2,7/21/2024_9:42:01 PM,24.0
6822.0,1,2.5609,380.2,7/21/2024_9:42:03 PM,24.0
6824.0,1,2.5609,380.2,7/21/2024_9:42:05 PM,24.0
6826.0,1,2.5608,380.2,7/21/2024_9:42:07 PM,24.0
6828.0,1,2.5608,380.2,7/21/2024_9:42:09 PM,24.0
6830.0,1,2.5608,380.2,7/21/2024_9:42:11 PM,24.0
6832.0,1,2.5608,380.2,7/21/2024_9:42:13 PM,24.0
6834.0,1,2.5607,380.2,7/21/2024_9:42:15 PM,24.0
6836.0,1,2.5607,380.2,7/21/2024_9:42:17 PM,24.0
6838.0,1,2.5607,380.2,7/21/2024_9:42:19 PM,24.0
6840.0,1,2.5606,380.2,7/21/2024_9:42:21 PM,24.0
6842.0,1,2.5606,380.2,7/21/2024_9:42:23 PM,24.0
6844.0,1,2.5606,380.2,7/21/2024_9:42:25 PM,24.0
6846.0,1,2.5605,380.2,7/21/2024_9:42:27 PM,24.0
6848.0,1,2.5605,380.2,7/21/2024_9:42:29 PM,24.0
6850.0,1,2.5605,380.2,7/21/2024_9:42:31 PM,24.0
6852.0,1,2.5605,380.2,7/21/2024_9:42:33 PM,24.0
6854.0,1,2.5604,380.2,7/21/2024_9:42:35 PM,24.0
6856.0,1,2.5604,380.2,7/21/2024_9:42:37 PM,24.0
6858.0,1,2.5604,380.2,7/21/2024_9:42:39 PM,24.0
6860.0,1,2.5604,380.2,7/21/2024_9:42:41 PM,24.0
6862.0,1,2.5603,380.2,7/21/2024_9:42:43 PM,24.0
6864.0,1,2.5603,380.2,7/21/2024_9:42:45 PM,24.0
6866.0,1,2.5603,380.2,7/21/2024_9:42:47 PM,24.0
6868.0,1,2.5602,380.2,7/21/2024_9:42:49 PM,24.0
6870.0,1,2.5602,380.2,7/21/2024_9:42:51 PM,24.0
6872.0,1,2.5602,380.2,7/21/2024_9:42:53 PM,24.0
6874.0,1,2.5602,380.2,7/21/2024_9:42:55 PM,24.0
6876.0,1,2.5601,380.2,7/21/2024_9:42:57 PM,24.0
6878.0,1,2.5601,380.2,7/21/2024_9:42:59 PM,24.0
6880.0,1,2.5601,380.2,7/21/2024_9:43:01 PM,24.0
6882.0,1,2.5601,380.2,7/21/2024_9:43:03 PM,24.0
6884.0,1,2.56,380.2,7/21/2024_9:43:05 PM,24.0
6886.0,1,2.56,380.2,7/21/2024_9:43:07 PM,24.0
6888.0,1,2.56,380.2,7/21/2024_9:43:09 PM,24.0
6890.0,1,2.5599,380.2,7/21/2024_9:43:11 PM,24.0
6892.0,1,2.5599,380.2,7/21/2024_9:43:13 PM,24.0
6894.0,1,2.5599,380.2,7/21/2024_9:43:15 PM,24.0
6896.0,1,2.5598,380.2,7/21/2024_9:43:17 PM,24.0
6898.0,1,2.5598,380.2,7/21/2024_9:43:19 PM,24.0
6900.0,1,2.5598,380.2,7/21/2024_9:43:21 PM,24.0
6902.0,1,2.5598,380.2,7/21/2024_9:43:23 PM,24.0
6904.0,1,2.5597,380.2,7/21/2024_9:43:25 PM,24.0
6906.0,1,2.5597,380.2,7/21/2024_9:43:27 PM,24.0
6908.0,1,2.5597,380.2,7/21/2024_9:43:29 PM,24.0
6910.0,1,2.5596,380.2,7/21/2024_9:43:31 PM,24.0
6912.0,1,2.5596,380.2,7/21/2024_9:43:33 PM,24.0
6914.0,1,2.5596,380.2,7/21/2024_9:43:35 PM,24.0
6916.0,1,2.5596,380.2,7/21/2024_9:43:37 PM,24.0
6918.0,1,2.5595,380.2,7/21/2024_9:43:39 PM,24.0
6920.0,1,2.5595,380.2,7/21/2024_9:43:41 PM,24.0
6922.0,1,2.5595,380.2,7/21/2024_9:43:43 PM,24.0
6924.0,1,2.5595,380.2,7/21/2024_9:43:45 PM,24.0
6926.0,1,2.5594,380.2,7/21/2024_9:43:47 PM,24.0
6928.0,1,2.5594,380.2,7/21/2024_9:43:49 PM,24.0
6930.0,1,2.5594,380.2,7/21/2024_9:43:51 PM,24.0
6932.0,1,2.5594,380.2,7/21/2024_9:43:53 PM,24.0
6934.0,1,2.5593,380.2,7/21/2024_9:43:55 PM,24.0
6936.0,1,2.5593,380.2,7/21/2024_9:43:57 PM,24.0
6938.0,1,2.5593,380.2,7/21/2024_9:43:59 PM,24.0
6940.0,1,2.5592,380.2,7/21/2024_9:44:01 PM,24.0
6942.0,1,2.5592,380.2,7/21/2024_9:44:03 PM,24.0
6944.0,1,2.5592,380.2,7/21/2024_9:44:05 PM,24.0
6946.0,1,2.5592,380.2,7/21/2024_9:44:07 PM,24.0
6948.0,1,2.5591,380.2,7/21/2024_9:44:09 PM,24.0
6950.0,1,2.5591,380.2,7/21/2024_9:44:11 PM,24.0
6952.0,1,2.5591,380.2,7/21/2024_9:44:13 PM,24.0
6954.0,1,2.5591,380.2,7/21/2024_9:44:15 PM,24.0
6956.0,1,2.559,380.2,7/21/2024_9:44:17 PM,24.0
6958.0,1,2.559,380.2,7/21/2024_9:44:19 PM,24.0
6960.0,1,2.559,380.2,7/21/2024_9:44:21 PM,24.0
6962.0,1,2.5589,380.2,7/21/2024_9:44:23 PM,24.0
6964.0,1,2.5589,380.2,7/21/2024_9:44:25 PM,24.0
6966.0,1,2.5589,380.2,7/21/2024_9:44:27 PM,24.0
6968.0,1,2.5589,380.2,7/21/2024_9:44:29 PM,24.0
6970.0,1,2.5589,380.2,7/21/2024_9:44:31 PM,24.0
6972.0,1,2.5588,380.2,7/21/2024_9:44:33 PM,24.0
6974.0,1,2.5588,380.2,7/21/2024_9:44:35 PM,24.0
6976.0,1,2.5588,380.2,7/21/2024_9:44:37 PM,24.0
6978.0,1,2.5587,380.2,7/21/2024_9:44:39 PM,24.0
6980.0,1,2.5587,380.2,7/21/2024_9:44:41 PM,24.0
6982.0,1,2.5587,380.2,7/21/2024_9:44:43 PM,24.0
6984.0,1,2.5587,380.2,7/21/2024_9:44:45 PM,24.0
6986.0,1,2.5587,380.2,7/21/2024_9:44:47 PM,24.0
6988.0,1,2.5586,380.2,7/21/2024_9:44:49 PM,24.0
6990.0,1,2.5586,380.2,7/21/2024_9:44:51 PM,24.0
6992.0,1,2.5586,380.2,7/21/2024_9:44:53 PM,24.0
6994.0,1,2.5585,380.2,7/21/2024_9:44:55 PM,24.0
6996.0,1,2.5585,380.2,7/21/2024_9:44:57 PM,24.0
6998.0,1,2.5585,380.2,7/21/2024_9:44:59 PM,24.0
7000.0,1,2.5585,380.2,7/21/2024_9:45:01 PM,24.0
7002.0,1,2.5584,380.2,7/21/2024_9:45:03 PM,24.0
7004.0,1,2.5584,380.2,7/21/2024_9:45:05 PM,24.0
7006.0,1,2.5584,380.2,7/21/2024_9:45:07 PM,24.0
7008.0,1,2.5584,380.2,7/21/2024_9:45:09 PM,24.0
7010.0,1,2.5583,380.2,7/21/2024_9:45:11 PM,24.0
7012.0,1,2.5583,380.2,7/21/2024_9:45:13 PM,24.0
7014.0,1,2.5583,380.2,7/21/2024_9:45:15 PM,24.0
7016.0,1,2.5583,380.2,7/21/2024_9:45:17 PM,24.0
7018.0,1,2.5583,380.2,7/21/2024_9:45:19 PM,24.0
7020.0,1,2.5582,380.2,7/21/2024_9:45:21 PM,24.0
7022.0,1,2.5582,380.2,7/21/2024_9:45:23 PM,24.0
7024.0,1,2.5582,380.2,7/21/2024_9:45:25 PM,24.0
7026.0,1,2.5581,380.2,7/21/2024_9:45:27 PM,24.0
7028.0,1,2.5581,380.2,7/21/2024_9:45:29 PM,24.0
7030.0,1,2.5581,380.2,7/21/2024_9:45:31 PM,24.0
7032.0,1,2.5581,380.2,7/21/2024_9:45:33 PM,24.0
7034.0,1,2.5581,380.2,7/21/2024_9:45:35 PM,24.0
7036.0,1,2.558,380.2,7/21/2024_9:45:37 PM,24.0
7038.0,1,2.558,380.2,7/21/2024_9:45:39 PM,24.0
7040.0,1,2.558,380.2,7/21/2024_9:45:41 PM,24.0
7042.0,1,2.5579,380.2,7/21/2024_9:45:43 PM,24.0
7044.0,1,2.5579,380.2,7/21/2024_9:45:45 PM,24.0
7046.0,1,2.5579,380.2,7/21/2024_9:45:47 PM,24.0
7048.0,1,2.5579,380.2,7/21/2024_9:45:49 PM,24.0
7050.0,1,2.5578,380.2,7/21/2024_9:45:51 PM,24.0
7052.0,1,2.5578,380.2,7/21/2024_9:45:53 PM,24.0
7054.0,1,2.5578,380.2,7/21/2024_9:45:55 PM,24.0
7056.0,1,2.5578,380.2,7/21/2024_9:45:57 PM,24.0
7058.0,1,2.5577,380.2,7/21/2024_9:45:59 PM,24.0
7060.0,1,2.5577,380.2,7/21/2024_9:46:01 PM,24.0
7062.0,1,2.5577,380.2,7/21/2024_9:46:03 PM,24.0
7064.0,1,2.5577,380.2,7/21/2024_9:46:05 PM,24.0
7066.0,1,2.5576,380.1,7/21/2024_9:46:07 PM,24.0
7068.0,1,2.5576,380.1,7/21/2024_9:46:09 PM,24.0
7070.0,1,2.5576,380.1,7/21/2024_9:46:11 PM,24.0
7072.0,1,2.5576,380.1,7/21/2024_9:46:13 PM,24.0
7074.0,1,2.5575,380.1,7/21/2024_9:46:15 PM,24.0
7076.0,1,2.5575,380.1,7/21/2024_9:46:17 PM,24.0
7078.0,1,2.5575,380.1,7/21/2024_9:46:19 PM,24.0
7080.0,1,2.5575,380.1,7/21/2024_9:46:21 PM,24.0
7082.0,1,2.5575,380.1,7/21/2024_9:46:23 PM,24.0
7084.0,1,2.5574,380.1,7/21/2024_9:46:25 PM,24.0
7086.0,1,2.5574,380.1,7/21/2024_9:46:27 PM,24.0
7088.0,1,2.5574,380.1,7/21/2024_9:46:29 PM,24.0
7090.0,1,2.5574,380.1,7/21/2024_9:46:31 PM,24.0
7092.0,1,2.5573,380.1,7/21/2024_9:46:33 PM,24.0
7094.0,1,2.5573,380.1,7/21/2024_9:46:35 PM,24.0
7096.0,1,2.5573,380.1,7/21/2024_9:46:37 PM,24.0
7098.0,1,2.5573,380.1,7/21/2024_9:46:39 PM,24.0
7100.0,1,2.5572,380.1,7/21/2024_9:46:41 PM,24.0
7102.0,1,2.5572,380.1,7/21/2024_9:46:43 PM,24.0
7104.0,1,2.5572,380.1,7/21/2024_9:46:45 PM,24.0
7106.0,1,2.5572,380.1,7/21/2024_9:46:47 PM,24.0
7108.0,1,2.5571,380.1,7/21/2024_9:46:49 PM,24.0
7110.0,1,2.5571,380.1,7/21/2024_9:46:51 PM,24.0
7112.0,1,2.5571,380.1,7/21/2024_9:46:53 PM,24.0
7114.0,1,2.557,380.1,7/21/2024_9:46:55 PM,24.0
7116.0,1,2.557,380.1,7/21/2024_9:46:57 PM,24.0
7118.0,1,2.557,380.1,7/21/2024_9:46:59 PM,24.0
7120.0,1,2.557,380.1,7/21/2024_9:47:01 PM,24.0
7122.0,1,2.557,380.1,7/21/2024_9:47:03 PM,24.0
7124.0,1,2.5569,380.1,7/21/2024_9:47:05 PM,24.0
7126.0,1,2.5569,380.1,7/21/2024_9:47:07 PM,24.0
7128.0,1,2.5569,380.1,7/21/2024_9:47:09 PM,24.0
7130.0,1,2.5569,380.1,7/21/2024_9:47:11 PM,24.0
7132.0,1,2.5569,380.1,7/21/2024_9:47:13 PM,24.0
7134.0,1,2.5568,380.1,7/21/2024_9:47:15 PM,24.0
7136.0,1,2.5568,380.1,7/21/2024_9:47:17 PM,24.0
7138.0,1,2.5568,380.1,7/21/2024_9:47:19 PM,24.0
7140.0,1,2.5568,380.1,7/21/2024_9:47:21 PM,24.0
7142.0,1,2.5568,380.1,7/21/2024_9:47:23 PM,24.0
7144.0,1,2.5567,380.1,7/21/2024_9:47:25 PM,24.0
7146.0,1,2.5567,380.1,7/21/2024_9:47:27 PM,24.0
7148.0,1,2.5567,380.1,7/21/2024_9:47:29 PM,24.0
7150.0,1,2.5567,380.1,7/21/2024_9:47:31 PM,24.0
7152.0,1,2.5566,380.1,7/21/2024_9:47:33 PM,24.0
7154.0,1,2.5566,380.1,7/21/2024_9:47:35 PM,24.0
7156.0,1,2.5566,380.1,7/21/2024_9:47:37 PM,24.0
7158.0,1,2.5566,380.1,7/21/2024_9:47:39 PM,24.0
7160.0,1,2.5565,380.1,7/21/2024_9:47:41 PM,24.0
7162.0,1,2.5565,380.1,7/21/2024_9:47:43 PM,24.0
7164.0,1,2.5565,380.1,7/21/2024_9:47:45 PM,24.0
7166.0,1,2.5565,380.1,7/21/2024_9:47:47 PM,24.0
7168.0,1,2.5564,380.1,7/21/2024_9:47:49 PM,24.0
7170.0,1,2.5564,380.1,7/21/2024_9:47:51 PM,24.0
7172.0,1,2.5564,380.1,7/21/2024_9:47:53 PM,24.0
7174.0,1,2.5564,380.1,7/21/2024_9:47:55 PM,24.0
7176.0,1,2.5564,380.1,7/21/2024_9:47:57 PM,24.0
7178.0,1,2.5564,380.1,7/21/2024_9:47:59 PM,24.0
7180.0,1,2.5563,380.1,7/21/2024_9:48:01 PM,24.0
7182.0,1,2.5563,380.1,7/21/2024_9:48:03 PM,24.0
7184.0,1,2.5563,380.1,7/21/2024_9:48:05 PM,24.0
7186.0,1,2.5563,380.1,7/21/2024_9:48:07 PM,24.0
7188.0,1,2.5562,380.1,7/21/2024_9:48:09 PM,24.0
7190.0,1,2.5562,380.1,7/21/2024_9:48:11 PM,24.0
7192.0,1,2.5562,380.1,7/21/2024_9:48:13 PM,24.0
7194.0,1,2.5562,380.1,7/21/2024_9:48:15 PM,24.0
7196.0,1,2.5561,380.1,7/21/2024_9:48:17 PM,24.0
7198.0,1,2.5561,380.1,7/21/2024_9:48:19 PM,24.0
7200.0,1,2.5561,380.1,7/21/2024_9:48:21 PM,24.0
7202.0,1,2.5561,380.1,7/21/2024_9:48:23 PM,24.0
7204.0,1,2.5561,380.1,7/21/2024_9:48:25 PM,24.0
7206.0,1,2.556,380.1,7/21/2024_9:48:27 PM,24.0
7208.0,1,2.556,380.1,7/21/2024_9:48:29 PM,24.0
7210.0,1,2.556,380.1,7/21/2024_9:48:31 PM,24.0
7212.0,1,2.556,380.1,7/21/2024_9:48:33 PM,24.0
7214.0,1,2.5559,380.1,7/21/2024_9:48:35 PM,24.0
7216.0,1,2.5559,380.1,7/21/2024_9:48:37 PM,24.0
7218.0,1,2.5559,380.1,7/21/2024_9:48:39 PM,24.0
7220.0,1,2.5559,380.1,7/21/2024_9:48:41 PM,24.0
7222.0,1,2.5559,380.1,7/21/2024_9:48:43 PM,24.0
7224.0,1,2.5558,380.1,7/21/2024_9:48:45 PM,24.0
7226.0,1,2.5558,380.1,7/21/2024_9:48:47 PM,24.0
7228.0,1,2.5558,380.1,7/21/2024_9:48:49 PM,24.0
7230.0,1,2.5558,380.1,7/21/2024_9:48:51 PM,24.0
7232.0,1,2.5558,380.1,7/21/2024_9:48:53 PM,24.0
7234.0,1,2.5557,380.1,7/21/2024_9:48:55 PM,23.9
7236.0,1,2.5557,380.1,7/21/2024_9:48:57 PM,23.9
7238.0,1,2.5557,380.1,7/21/2024_9:48:59 PM,23.9
7240.0,1,2.5556,380.1,7/21/2024_9:49:01 PM,23.9
7242.0,1,2.5556,380.1,7/21/2024_9:49:03 PM,23.9
7244.0,1,2.5556,380.1,7/21/2024_9:49:05 PM,23.9
7246.0,1,2.5556,380.1,7/21/2024_9:49:07 PM,23.9
7248.0,1,2.5556,380.1,7/21/2024_9:49:09 PM,23.9
7250.0,1,2.5555,380.1,7/21/2024_9:49:11 PM,23.9
7252.0,1,2.5555,380.1,7/21/2024_9:49:13 PM,23.9
7254.0,1,2.5555,380.1,7/21/2024_9:49:15 PM,23.9
7256.0,1,2.5555,380.1,7/21/2024_9:49:17 PM,23.9
7258.0,1,2.5555,380.1,7/21/2024_9:49:19 PM,23.9
7260.0,1,2.5554,380.1,7/21/2024_9:49:21 PM,23.9
7262.0,1,2.5554,380.1,7/21/2024_9:49:23 PM,23.9
7264.0,1,2.5554,380.1,7/21/2024_9:49:25 PM,23.9
7266.0,1,2.5553,380.1,7/21/2024_9:49:27 PM,23.9
7268.0,1,2.5553,380.1,7/21/2024_9:49:29 PM,23.9
7270.0,1,2.5553,380.1,7/21/2024_9:49:31 PM,23.9
7272.0,1,2.5553,380.1,7/21/2024_9:49:33 PM,23.9
7274.0,1,2.5553,380.1,7/21/2024_9:49:35 PM,23.9
7276.0,1,2.5552,380.1,7/21/2024_9:49:37 PM,23.9
7278.0,1,2.5552,380.1,7/21/2024_9:49:39 PM,23.9
7280.0,1,2.5552,380.1,7/21/2024_9:49:41 PM,23.9
7282.0,1,2.5552,380.1,7/21/2024_9:49:43 PM,23.9
7284.0,1,2.5551,380.1,7/21/2024_9:49:45 PM,23.9
7286.0,1,2.5551,380.1,7/21/2024_9:49:47 PM,23.9
7288.0,1,2.5551,380.1,7/21/2024_9:49:49 PM,23.9
7290.0,1,2.5551,380.1,7/21/2024_9:49:51 PM,23.9
7292.0,1,2.5551,380.1,7/21/2024_9:49:53 PM,23.9
7294.0,1,2.555,380.1,7/21/2024_9:49:55 PM,23.9
7296.0,1,2.555,380.1,7/21/2024_9:49:57 PM,23.9
7298.0,1,2.555,380.1,7/21/2024_9:49:59 PM,23.9
7300.0,1,2.555,380.1,7/21/2024_9:50:01 PM,23.9
7302.0,1,2.555,380.1,7/21/2024_9:50:03 PM,23.9
7304.0,1,2.5549,380.1,7/21/2024_9:50:05 PM,23.9
7306.0,1,2.5549,380.1,7/21/2024_9:50:07 PM,23.9
7308.0,1,2.5549,380.1,7/21/2024_9:50:09 PM,23.9
7310.0,1,2.5549,380.1,7/21/2024_9:50:11 PM,23.9
7312.0,1,2.5549,380.1,7/21/2024_9:50:13 PM,23.9
7314.0,1,2.5548,380.1,7/21/2024_9:50:15 PM,23.9
7316.0,1,2.5548,380.1,7/21/2024_9:50:17 PM,23.9
7318.0,1,2.5548,380.1,7/21/2024_9:50:19 PM,23.9
7320.0,1,2.5548,380.1,7/21/2024_9:50:21 PM,23.9
7322.0,1,2.5548,380.1,7/21/2024_9:50:23 PM,23.9
7324.0,1,2.5547,380.1,7/21/2024_9:50:25 PM,23.9
7326.0,1,2.5547,380.1,7/21/2024_9:50:27 PM,23.9
7328.0,1,2.5547,380.1,7/21/2024_9:50:29 PM,23.9
7330.0,1,2.5547,380.1,7/21/2024_9:50:31 PM,23.9
7332.0,1,2.5547,380.1,7/21/2024_9:50:33 PM,23.9
7334.0,1,2.5547,380.1,7/21/2024_9:50:35 PM,23.9
7336.0,1,2.5546,380.1,7/21/2024_9:50:37 PM,23.9
7338.0,1,2.5546,380.1,7/21/2024_9:50:39 PM,23.9
7340.0,1,2.5546,380.1,7/21/2024_9:50:41 PM,23.9
7342.0,1,2.5546,380.1,7/21/2024_9:50:43 PM,23.9
7344.0,1,2.5546,380.1,7/21/2024_9:50:45 PM,23.9
7346.0,1,2.5546,380.1,7/21/2024_9:50:47 PM,23.9
7348.0,1,2.5545,380.1,7/21/2024_9:50:49 PM,23.9
7350.0,1,2.5545,380.1,7/21/2024_9:50:51 PM,23.9
7352.0,1,2.5545,380.1,7/21/2024_9:50:53 PM,23.9
7354.0,1,2.5545,380.1,7/21/2024_9:50:55 PM,23.9
7356.0,1,2.5545,380.1,7/21/2024_9:50:57 PM,23.9
7358.0,1,2.5544,380.1,7/21/2024_9:50:59 PM,23.9
7360.0,1,2.5544,380.1,7/21/2024_9:51:01 PM,23.9
7362.0,1,2.5544,380.1,7/21/2024_9:51:03 PM,23.9
7364.0,1,2.5544,380.1,7/21/2024_9:51:05 PM,23.9
7366.0,1,2.5543,380.1,7/21/2024_9:51:07 PM,23.9
7368.0,1,2.5543,380.1,7/21/2024_9:51:09 PM,23.9
7370.0,1,2.5543,380.1,7/21/2024_9:51:11 PM,23.9
7372.0,1,2.5543,380.1,7/21/2024_9:51:13 PM,23.9
7374.0,1,2.5543,380.1,7/21/2024_9:51:15 PM,23.9
7376.0,1,2.5543,380.1,7/21/2024_9:51:17 PM,23.9
7378.0,1,2.5542,380.1,7/21/2024_9:51:19 PM,23.9
7380.0,1,2.5542,380.1,7/21/2024_9:51:21 PM,23.9
7382.0,1,2.5542,380.1,7/21/2024_9:51:23 PM,23.9
7384.0,1,2.5542,380.1,7/21/2024_9:51:25 PM,23.9
7386.0,1,2.5542,380.1,7/21/2024_9:51:27 PM,23.9
7388.0,1,2.5541,380.1,7/21/2024_9:51:29 PM,23.9
7390.0,1,2.5541,380.1,7/21/2024_9:51:31 PM,23.9
7392.0,1,2.5541,380.1,7/21/2024_9:51:33 PM,23.9
7394.0,1,2.5541,380.1,7/21/2024_9:51:35 PM,23.9
7396.0,1,2.5541,380.1,7/21/2024_9:51:37 PM,23.9
7398.0,1,2.554,380.0,7/21/2024_9:51:39 PM,23.9
7400.0,1,2.554,380.0,7/21/2024_9:51:41 PM,23.9
7402.0,1,2.554,380.0,7/21/2024_9:51:43 PM,23.9
7404.0,1,2.554,380.0,7/21/2024_9:51:45 PM,23.9
7406.0,1,2.5539,380.0,7/21/2024_9:51:47 PM,23.9
7408.0,1,2.5539,380.0,7/21/2024_9:51:49 PM,23.9
7410.0,1,2.5539,380.0,7/21/2024_9:51:51 PM,23.9
7412.0,1,2.5539,380.0,7/21/2024_9:51:53 PM,23.9
7414.0,1,2.5539,380.0,7/21/2024_9:51:55 PM,23.9
7416.0,1,2.5539,380.0,7/21/2024_9:51:57 PM,23.9
7418.0,1,2.5539,380.0,7/21/2024_9:51:59 PM,23.9
7420.0,1,2.5538,380.0,7/21/2024_9:52:01 PM,23.9
7422.0,1,2.5538,380.0,7/21/2024_9:52:03 PM,23.9
7424.0,1,2.5538,380.0,7/21/2024_9:52:05 PM,23.9
7426.0,1,2.5538,380.0,7/21/2024_9:52:07 PM,23.9
7428.0,1,2.5538,380.0,7/21/2024_9:52:09 PM,23.9
7430.0,1,2.5537,380.0,7/21/2024_9:52:11 PM,23.9
7432.0,1,2.5537,380.0,7/21/2024_9:52:13 PM,23.9
7434.0,1,2.5537,380.0,7/21/2024_9:52:15 PM,23.9
7436.0,1,2.5537,380.0,7/21/2024_9:52:17 PM,23.9
7438.0,1,2.5537,380.0,7/21/2024_9:52:19 PM,23.9
7440.0,1,2.5537,380.0,7/21/2024_9:52:21 PM,23.9
7442.0,1,2.5536,380.0,7/21/2024_9:52:23 PM,23.9
7444.0,1,2.5536,380.0,7/21/2024_9:52:25 PM,23.9
7446.0,1,2.5536,380.0,7/21/2024_9:52:27 PM,23.9
7448.0,1,2.5536,380.0,7/21/2024_9:52:29 PM,23.9
7450.0,1,2.5535,380.0,7/21/2024_9:52:31 PM,23.9
7452.0,1,2.5535,380.0,7/21/2024_9:52:33 PM,23.9
7454.0,1,2.5535,380.0,7/21/2024_9:52:35 PM,23.9
7456.0,1,2.5535,380.0,7/21/2024_9:52:37 PM,23.9
7458.0,1,2.5535,380.0,7/21/2024_9:52:39 PM,23.9
7460.0,1,2.5535,380.0,7/21/2024_9:52:41 PM,23.9
7462.0,1,2.5534,380.0,7/21/2024_9:52:43 PM,23.9
7464.0,1,2.5534,380.0,7/21/2024_9:52:45 PM,23.9
7466.0,1,2.5534,380.0,7/21/2024_9:52:47 PM,23.9
7468.0,1,2.5534,380.0,7/21/2024_9:52:49 PM,23.9
7470.0,1,2.5534,380.0,7/21/2024_9:52:51 PM,23.9
7472.0,1,2.5534,380.0,7/21/2024_9:52:53 PM,23.9
7474.0,1,2.5533,380.0,7/21/2024_9:52:55 PM,23.9
7476.0,1,2.5533,380.0,7/21/2024_9:52:57 PM,23.9
7478.0,1,2.5533,380.0,7/21/2024_9:52:59 PM,23.9
7480.0,1,2.5533,380.0,7/21/2024_9:53:01 PM,23.9
7482.0,1,2.5532,380.0,7/21/2024_9:53:03 PM,23.9
7484.0,1,2.5532,380.0,7/21/2024_9:53:05 PM,23.9
7486.0,1,2.5532,380.0,7/21/2024_9:53:07 PM,23.9
7488.0,1,2.5532,380.0,7/21/2024_9:53:09 PM,23.9
7490.0,1,2.5532,380.0,7/21/2024_9:53:11 PM,23.9
7492.0,1,2.5532,380.0,7/21/2024_9:53:13 PM,23.9
7494.0,1,2.5532,380.0,7/21/2024_9:53:15 PM,23.9
7496.0,1,2.5531,380.0,7/21/2024_9:53:17 PM,23.9
7498.0,1,2.5531,380.0,7/21/2024_9:53:19 PM,23.9
7500.0,1,2.5531,380.0,7/21/2024_9:53:21 PM,23.9
7502.0,1,2.5531,380.0,7/21/2024_9:53:23 PM,23.9
7504.0,1,2.553,380.0,7/21/2024_9:53:25 PM,23.9
7506.0,1,2.553,380.0,7/21/2024_9:53:27 PM,23.9
7508.0,1,2.553,380.0,7/21/2024_9:53:29 PM,23.9
7510.0,1,2.553,380.0,7/21/2024_9:53:31 PM,23.9
7512.0,1,2.553,380.0,7/21/2024_9:53:33 PM,23.9
7514.0,1,2.553,380.0,7/21/2024_9:53:35 PM,23.9
7516.0,1,2.5529,380.0,7/21/2024_9:53:37 PM,23.9
7518.0,1,2.5529,380.0,7/21/2024_9:53:39 PM,23.9
7520.0,1,2.5529,380.0,7/21/2024_9:53:41 PM,23.9
7522.0,1,2.5529,380.0,7/21/2024_9:53:43 PM,23.9
7524.0,1,2.5529,380.0,7/21/2024_9:53:45 PM,23.9
7526.0,1,2.5528,380.0,7/21/2024_9:53:47 PM,23.9
7528.0,1,2.5528,380.0,7/21/2024_9:53:49 PM,23.9
7530.0,1,2.5528,380.0,7/21/2024_9:53:51 PM,23.9
7532.0,1,2.5528,380.0,7/21/2024_9:53:53 PM,23.9
7534.0,1,2.5528,380.0,7/21/2024_9:53:55 PM,23.9
7536.0,1,2.5528,380.0,7/21/2024_9:53:57 PM,23.9
7538.0,1,2.5528,380.0,7/21/2024_9:53:59 PM,23.9
7540.0,1,2.5527,380.0,7/21/2024_9:54:01 PM,23.9
7542.0,1,2.5527,380.0,7/21/2024_9:54:03 PM,23.9
7544.0,1,2.5527,380.0,7/21/2024_9:54:05 PM,23.9
7546.0,1,2.5527,380.0,7/21/2024_9:54:07 PM,23.9
7548.0,1,2.5526,380.0,7/21/2024_9:54:09 PM,23.9
7550.0,1,2.5526,380.0,7/21/2024_9:54:11 PM,23.9
7552.0,1,2.5526,380.0,7/21/2024_9:54:13 PM,23.9
7554.0,1,2.5526,380.0,7/21/2024_9:54:15 PM,23.9
7556.0,1,2.5526,380.0,7/21/2024_9:54:17 PM,23.9
7558.0,1,2.5526,380.0,7/21/2024_9:54:19 PM,23.9
7560.0,1,2.5525,380.0,7/21/2024_9:54:21 PM,23.9
7562.0,1,2.5525,380.0,7/21/2024_9:54:23 PM,23.9
7564.0,1,2.5525,380.0,7/21/2024_9:54:25 PM,23.9
7566.0,1,2.5525,380.0,7/21/2024_9:54:27 PM,23.9
7568.0,1,2.5525,380.0,7/21/2024_9:54:29 PM,23.9
7570.0,1,2.5525,380.0,7/21/2024_9:54:31 PM,23.9
7572.0,1,2.5524,380.0,7/21/2024_9:54:33 PM,23.9
7574.0,1,2.5524,380.0,7/21/2024_9:54:35 PM,23.9
7576.0,1,2.5524,380.0,7/21/2024_9:54:37 PM,23.9
7578.0,1,2.5524,380.0,7/21/2024_9:54:39 PM,23.9
7580.0,1,2.5524,380.0,7/21/2024_9:54:41 PM,23.9
7582.0,1,2.5524,380.0,7/21/2024_9:54:43 PM,23.9
7584.0,1,2.5524,380.0,7/21/2024_9:54:45 PM,23.9
7586.0,1,2.5523,380.0,7/21/2024_9:54:47 PM,23.9
7588.0,1,2.5523,380.0,7/21/2024_9:54:49 PM,23.9
7590.0,1,2.5523,380.0,7/21/2024_9:54:51 PM,23.9
7592.0,1,2.5523,380.0,7/21/2024_9:54:53 PM,23.9
7594.0,1,2.5522,380.0,7/21/2024_9:54:55 PM,23.9
7596.0,1,2.5522,380.0,7/21/2024_9:54:57 PM,23.9
7598.0,1,2.5522,380.0,7/21/2024_9:54:59 PM,23.9
7600.0,1,2.5522,380.0,7/21/2024_9:55:01 PM,23.9
7602.0,1,2.5522,380.0,7/21/2024_9:55:03 PM,23.9
7604.0,1,2.5522,380.0,7/21/2024_9:55:05 PM,23.9
7606.0,1,2.5522,380.0,7/21/2024_9:55:07 PM,23.9
7608.0,1,2.5521,380.0,7/21/2024_9:55:09 PM,23.9
7610.0,1,2.5521,380.0,7/21/2024_9:55:11 PM,23.9
7612.0,1,2.5521,380.0,7/21/2024_9:55:13 PM,23.9
7614.0,1,2.5521,380.0,7/21/2024_9:55:15 PM,23.9
7616.0,1,2.552,380.0,7/21/2024_9:55:17 PM,23.9
7618.0,1,2.552,380.0,7/21/2024_9:55:19 PM,23.9
7620.0,1,2.552,380.0,7/21/2024_9:55:21 PM,23.9
7622.0,1,2.552,380.0,7/21/2024_9:55:23 PM,23.9
7624.0,1,2.552,380.0,7/21/2024_9:55:25 PM,23.9
7626.0,1,2.552,380.0,7/21/2024_9:55:27 PM,23.9
7628.0,1,2.5519,380.0,7/21/2024_9:55:29 PM,23.9
7630.0,1,2.5519,380.0,7/21/2024_9:55:31 PM,23.9
7632.0,1,2.5519,380.0,7/21/2024_9:55:33 PM,23.9
7634.0,1,2.5519,380.0,7/21/2024_9:55:35 PM,23.9
7636.0,1,2.5519,380.0,7/21/2024_9:55:37 PM,23.9
7638.0,1,2.5518,380.0,7/21/2024_9:55:39 PM,23.9
7640.0,1,2.5518,379.9,7/21/2024_9:55:41 PM,23.9
7642.0,1,2.5518,379.9,7/21/2024_9:55:43 PM,23.9
7644.0,1,2.5518,379.9,7/21/2024_9:55:45 PM,23.9
7646.0,1,2.5518,379.9,7/21/2024_9:55:47 PM,23.9
7648.0,1,2.5518,379.9,7/21/2024_9:55:49 PM,23.9
7650.0,1,2.5518,379.9,7/21/2024_9:55:51 PM,23.9
7652.0,1,2.5518,379.9,7/21/2024_9:55:53 PM,23.9
7654.0,1,2.5517,379.9,7/21/2024_9:55:55 PM,23.9
7656.0,1,2.5517,379.9,7/21/2024_9:55:57 PM,23.9
7658.0,1,2.5517,379.9,7/21/2024_9:55:59 PM,23.9
7660.0,1,2.5517,379.9,7/21/2024_9:56:01 PM,23.9
7662.0,1,2.5516,379.9,7/21/2024_9:56:03 PM,23.9
7664.0,1,2.5516,379.9,7/21/2024_9:56:05 PM,23.9
7666.0,1,2.5516,379.9,7/21/2024_9:56:07 PM,23.9
7668.0,1,2.5516,379.9,7/21/2024_9:56:09 PM,23.9
7670.0,1,2.5516,379.9,7/21/2024_9:56:11 PM,23.9
7672.0,1,2.5516,379.9,7/21/2024_9:56:13 PM,23.9
7674.0,1,2.5516,379.9,7/21/2024_9:56:15 PM,23.9
7676.0,1,2.5516,379.9,7/21/2024_9:56:17 PM,23.9
7678.0,1,2.5515,379.9,7/21/2024_9:56:19 PM,23.9
7680.0,1,2.5515,379.9,7/21/2024_9:56:21 PM,23.9
7682.0,1,2.5515,379.9,7/21/2024_9:56:23 PM,23.9
7684.0,1,2.5515,379.9,7/21/2024_9:56:25 PM,23.9
7686.0,1,2.5515,379.9,7/21/2024_9:56:27 PM,23.9
7688.0,1,2.5514,379.9,7/21/2024_9:56:29 PM,23.9
7690.0,1,2.5514,379.9,7/21/2024_9:56:31 PM,23.9
7692.0,1,2.5514,379.9,7/21/2024_9:56:33 PM,23.9
7694.0,1,2.5514,379.9,7/21/2024_9:56:35 PM,23.9
7696.0,1,2.5514,379.9,7/21/2024_9:56:37 PM,23.9
7698.0,1,2.5513,379.9,7/21/2024_9:56:39 PM,23.9
7700.0,1,2.5513,379.9,7/21/2024_9:56:41 PM,23.9
7702.0,1,2.5513,379.9,7/21/2024_9:56:43 PM,23.9
7704.0,1,2.5513,379.9,7/21/2024_9:56:45 PM,23.9
7706.0,1,2.5513,379.9,7/21/2024_9:56:47 PM,23.9
7708.0,1,2.5513,379.9,7/21/2024_9:56:49 PM,23.9
7710.0,1,2.5512,379.9,7/21/2024_9:56:51 PM,23.9
7712.0,1,2.5512,379.9,7/21/2024_9:56:53 PM,23.9
7714.0,1,2.5512,379.9,7/21/2024_9:56:55 PM,23.9
7716.0,1,2.5512,379.9,7/21/2024_9:56:57 PM,23.9
7718.0,1,2.5512,379.9,7/21/2024_9:56:59 PM,23.9
7720.0,1,2.5512,379.9,7/21/2024_9:57:01 PM,23.9
7722.0,1,2.5511,379.9,7/21/2024_9:57:03 PM,23.9
7724.0,1,2.5511,379.9,7/21/2024_9:57:05 PM,23.9
7726.0,1,2.5511,379.9,7/21/2024_9:57:07 PM,23.9
7728.0,1,2.5511,379.9,7/21/2024_9:57:09 PM,23.9
7730.0,1,2.5511,379.9,7/21/2024_9:57:11 PM,23.9
7732.0,1,2.5511,379.9,7/21/2024_9:57:13 PM,23.9
7734.0,1,2.5511,379.9,7/21/2024_9:57:15 PM,23.9
7736.0,1,2.551,379.9,7/21/2024_9:57:17 PM,23.9
7738.0,1,2.551,379.9,7/21/2024_9:57:19 PM,23.9
7740.0,1,2.551,379.9,7/21/2024_9:57:21 PM,23.9
7742.0,1,2.551,379.9,7/21/2024_9:57:23 PM,23.9
7744.0,1,2.551,379.9,7/21/2024_9:57:25 PM,23.9
7746.0,1,2.5509,379.9,7/21/2024_9:57:27 PM,23.9
7748.0,1,2.5509,379.9,7/21/2024_9:57:29 PM,23.9
7750.0,1,2.5509,379.9,7/21/2024_9:57:31 PM,23.9
7752.0,1,2.5509,379.9,7/21/2024_9:57:33 PM,23.9
7754.0,1,2.5509,379.9,7/21/2024_9:57:35 PM,23.9
7756.0,1,2.5508,379.9,7/21/2024_9:57:37 PM,23.9
7758.0,1,2.5508,379.9,7/21/2024_9:57:39 PM,23.9
7760.0,1,2.5508,379.9,7/21/2024_9:57:41 PM,23.9
7762.0,1,2.5508,379.9,7/21/2024_9:57:43 PM,23.9
7764.0,1,2.5507,379.9,7/21/2024_9:57:45 PM,23.9
7766.0,1,2.5507,379.9,7/21/2024_9:57:47 PM,23.9
7768.0,1,2.5507,379.9,7/21/2024_9:57:49 PM,23.9
7770.0,1,2.5507,379.9,7/21/2024_9:57:51 PM,23.9
7772.0,1,2.5507,379.9,7/21/2024_9:57:53 PM,23.9
7774.0,1,2.5507,379.9,7/21/2024_9:57:55 PM,23.9
7776.0,1,2.5507,379.9,7/21/2024_9:57:57 PM,23.9
7778.0,1,2.5507,379.9,7/21/2024_9:57:59 PM,23.9
7780.0,1,2.5506,379.9,7/21/2024_9:58:01 PM,23.9
7782.0,1,2.5506,379.9,7/21/2024_9:58:03 PM,23.9
7784.0,1,2.5506,379.9,7/21/2024_9:58:05 PM,23.9
7786.0,1,2.5506,379.9,7/21/2024_9:58:07 PM,23.9
7788.0,1,2.5506,379.9,7/21/2024_9:58:09 PM,23.9
7790.0,1,2.5506,379.9,7/21/2024_9:58:11 PM,23.9
7792.0,1,2.5505,379.9,7/21/2024_9:58:13 PM,23.9
7794.0,1,2.5505,379.9,7/21/2024_9:58:15 PM,23.9
7796.0,1,2.5505,379.9,7/21/2024_9:58:17 PM,23.9
7798.0,1,2.5505,379.9,7/21/2024_9:58:19 PM,23.9
7800.0,1,2.5505,379.9,7/21/2024_9:58:21 PM,23.9
7802.0,1,2.5505,379.9,7/21/2024_9:58:23 PM,23.9
7804.0,1,2.5504,379.9,7/21/2024_9:58:25 PM,23.9
7806.0,1,2.5504,379.9,7/21/2024_9:58:27 PM,23.9
7808.0,1,2.5504,379.9,7/21/2024_9:58:29 PM,23.9
7810.0,1,2.5504,379.9,7/21/2024_9:58:31 PM,23.9
7812.0,1,2.5504,379.9,7/21/2024_9:58:33 PM,23.9
7814.0,1,2.5504,379.9,7/21/2024_9:58:35 PM,23.9
7816.0,1,2.5503,379.9,7/21/2024_9:58:37 PM,23.9
7818.0,1,2.5503,379.9,7/21/2024_9:58:39 PM,23.9
7820.0,1,2.5503,379.9,7/21/2024_9:58:41 PM,23.9
7822.0,1,2.5503,379.9,7/21/2024_9:58:43 PM,23.9
7824.0,1,2.5503,379.9,7/21/2024_9:58:45 PM,23.9
7826.0,1,2.5503,379.9,7/21/2024_9:58:47 PM,23.9
7828.0,1,2.5502,379.9,7/21/2024_9:58:49 PM,23.9
7830.0,1,2.5502,379.9,7/21/2024_9:58:51 PM,23.9
7832.0,1,2.5502,379.9,7/21/2024_9:58:53 PM,23.9
7834.0,1,2.5502,379.9,7/21/2024_9:58:55 PM,23.9
7836.0,1,2.5502,379.9,7/21/2024_9:58:57 PM,23.9
7838.0,1,2.5501,379.9,7/21/2024_9:58:59 PM,23.9
7840.0,1,2.5501,379.9,7/21/2024_9:59:01 PM,23.9
7842.0,1,2.5501,379.9,7/21/2024_9:59:03 PM,23.9
7844.0,1,2.5501,379.9,7/21/2024_9:59:05 PM,23.9
7846.0,1,2.5501,379.9,7/21/2024_9:59:07 PM,23.9
7848.0,1,2.5501,379.9,7/21/2024_9:59:09 PM,23.9
7850.0,1,2.55,379.9,7/21/2024_9:59:11 PM,23.9
7852.0,1,2.55,379.9,7/21/2024_9:59:13 PM,23.9
7854.0,1,2.55,379.9,7/21/2024_9:59:15 PM,23.9
7856.0,1,2.55,379.9,7/21/2024_9:59:17 PM,23.9
7858.0,1,2.5499,379.9,7/21/2024_9:59:19 PM,23.9
7860.0,1,2.5499,379.9,7/21/2024_9:59:21 PM,23.9
7862.0,1,2.5499,379.9,7/21/2024_9:59:23 PM,23.9
7864.0,1,2.5499,379.9,7/21/2024_9:59:25 PM,23.9
7866.0,1,2.5499,379.9,7/21/2024_9:59:27 PM,23.9
7868.0,1,2.5499,379.9,7/21/2024_9:59:29 PM,23.9
7870.0,1,2.5499,379.9,7/21/2024_9:59:31 PM,23.9
7872.0,1,2.5499,379.9,7/21/2024_9:59:33 PM,23.9
7874.0,1,2.5498,379.9,7/21/2024_9:59:35 PM,23.9
7876.0,1,2.5498,379.9,7/21/2024_9:59:37 PM,23.9
7878.0,1,2.5498,379.9,7/21/2024_9:59:39 PM,23.9
7880.0,1,2.5498,379.9,7/21/2024_9:59:41 PM,23.9
7882.0,1,2.5497,379.9,7/21/2024_9:59:43 PM,23.9
7884.0,1,2.5497,379.9,7/21/2024_9:59:45 PM,23.9
7886.0,1,2.5497,379.9,7/21/2024_9:59:47 PM,23.9
7888.0,1,2.5497,379.9,7/21/2024_9:59:49 PM,23.9
7890.0,1,2.5497,379.9,7/21/2024_9:59:51 PM,23.9
7892.0,1,2.5497,379.9,7/21/2024_9:59:53 PM,23.9
7894.0,1,2.5497,379.9,7/21/2024_9:59:55 PM,23.9
7896.0,1,2.5497,379.9,7/21/2024_9:59:57 PM,23.9
7898.0,1,2.5497,379.9,7/21/2024_9:59:59 PM,23.9
7900.0,1,2.5497,379.9,7/21/2024_10:00:01 PM,23.9
7902.0,1,2.5496,379.9,7/21/2024_10:00:03 PM,23.9
7904.0,1,2.5496,379.9,7/21/2024_10:00:05 PM,23.9
7906.0,1,2.5496,379.9,7/21/2024_10:00:07 PM,23.9
7908.0,1,2.5496,379.9,7/21/2024_10:00:09 PM,23.9
7910.0,1,2.5496,379.9,7/21/2024_10:00:11 PM,23.9
7912.0,1,2.5495,379.9,7/21/2024_10:00:13 PM,23.9
7914.0,1,2.5495,379.9,7/21/2024_10:00:15 PM,23.9
7916.0,1,2.5495,379.9,7/21/2024_10:00:17 PM,23.9
7918.0,1,2.5495,379.9,7/21/2024_10:00:19 PM,23.9
7920.0,1,2.5495,379.9,7/21/2024_10:00:21 PM,23.9
7922.0,1,2.5495,379.9,7/21/2024_10:00:23 PM,23.9
7924.0,1,2.5495,379.9,7/21/2024_10:00:25 PM,23.9
7926.0,1,2.5495,379.9,7/21/2024_10:00:27 PM,23.9
7928.0,1,2.5495,379.9,7/21/2024_10:00:29 PM,23.9
7930.0,1,2.5494,379.9,7/21/2024_10:00:31 PM,23.9
7932.0,1,2.5494,379.9,7/21/2024_10:00:33 PM,23.9
7934.0,1,2.5494,379.9,7/21/2024_10:00:35 PM,23.9
7936.0,1,2.5494,379.9,7/21/2024_10:00:37 PM,23.9
7938.0,1,2.5494,379.9,7/21/2024_10:00:39 PM,23.9
7940.0,1,2.5494,379.9,7/21/2024_10:00:41 PM,23.9
7942.0,1,2.5494,379.9,7/21/2024_10:00:43 PM,23.9
7944.0,1,2.5493,379.9,7/21/2024_10:00:45 PM,23.9
7946.0,1,2.5493,379.9,7/21/2024_10:00:47 PM,23.9
7948.0,1,2.5493,379.9,7/21/2024_10:00:49 PM,23.9
7950.0,1,2.5493,379.9,7/21/2024_10:00:51 PM,23.9
7952.0,1,2.5493,379.9,7/21/2024_10:00:53 PM,23.9
7954.0,1,2.5493,379.9,7/21/2024_10:00:55 PM,23.9
7956.0,1,2.5493,379.9,7/21/2024_10:00:57 PM,23.9
7958.0,1,2.5492,379.9,7/21/2024_10:00:59 PM,23.9
7960.0,1,2.5492,379.9,7/21/2024_10:01:01 PM,23.9
7962.0,1,2.5492,379.9,7/21/2024_10:01:03 PM,23.9
7964.0,1,2.5492,379.9,7/21/2024_10:01:05 PM,23.9
7966.0,1,2.5492,379.9,7/21/2024_10:01:07 PM,23.9
7968.0,1,2.5492,379.9,7/21/2024_10:01:09 PM,23.9
7970.0,1,2.5492,379.9,7/21/2024_10:01:11 PM,23.9
7972.0,1,2.5492,379.9,7/21/2024_10:01:13 PM,23.9
7974.0,1,2.5492,379.9,7/21/2024_10:01:15 PM,23.9
7976.0,1,2.5491,379.9,7/21/2024_10:01:17 PM,23.9
7978.0,1,2.5491,379.9,7/21/2024_10:01:19 PM,23.9
7980.0,1,2.5491,379.9,7/21/2024_10:01:21 PM,23.9
7982.0,1,2.5491,379.9,7/21/2024_10:01:23 PM,23.9
7984.0,1,2.5491,379.9,7/21/2024_10:01:25 PM,23.9
7986.0,1,2.549,379.9,7/21/2024_10:01:27 PM,23.9
7988.0,1,2.549,379.9,7/21/2024_10:01:29 PM,23.9
7990.0,1,2.549,379.9,7/21/2024_10:01:31 PM,23.9
7992.0,1,2.549,379.9,7/21/2024_10:01:33 PM,23.9
7994.0,1,2.549,379.9,7/21/2024_10:01:35 PM,23.9
7996.0,1,2.549,379.9,7/21/2024_10:01:37 PM,23.9
7998.0,1,2.549,379.9,7/21/2024_10:01:39 PM,23.9
8000.0,1,2.549,379.9,7/21/2024_10:01:41 PM,23.9
8002.0,1,2.5489,379.9,7/21/2024_10:01:43 PM,23.9
8004.0,1,2.549,379.9,7/21/2024_10:01:45 PM,23.9
8006.0,1,2.5489,379.9,7/21/2024_10:01:47 PM,23.9
8008.0,1,2.5489,379.9,7/21/2024_10:01:49 PM,23.9
8010.0,1,2.5489,379.9,7/21/2024_10:01:51 PM,23.9
8012.0,1,2.5489,379.9,7/21/2024_10:01:53 PM,23.9
8014.0,1,2.5489,379.9,7/21/2024_10:01:55 PM,23.9
8016.0,1,2.5488,379.9,7/21/2024_10:01:57 PM,23.9
8018.0,1,2.5488,379.9,7/21/2024_10:01:59 PM,23.9
8020.0,1,2.5488,379.9,7/21/2024_10:02:01 PM,23.9
8022.0,1,2.5488,379.9,7/21/2024_10:02:03 PM,23.9
8024.0,1,2.5488,379.9,7/21/2024_10:02:05 PM,23.9
8026.0,1,2.5488,379.9,7/21/2024_10:02:07 PM,23.9
8028.0,1,2.5488,379.9,7/21/2024_10:02:09 PM,23.9
8030.0,1,2.5488,379.9,7/21/2024_10:02:11 PM,23.9
8032.0,1,2.5487,379.9,7/21/2024_10:02:13 PM,23.9
8034.0,1,2.5487,379.9,7/21/2024_10:02:15 PM,23.9
8036.0,1,2.5487,379.9,7/21/2024_10:02:17 PM,23.9
8038.0,1,2.5487,379.9,7/21/2024_10:02:19 PM,23.9
8040.0,1,2.5487,379.9,7/21/2024_10:02:21 PM,23.9
8042.0,1,2.5487,379.9,7/21/2024_10:02:23 PM,23.9
8044.0,1,2.5486,379.9,7/21/2024_10:02:25 PM,23.9
8046.0,1,2.5486,379.9,7/21/2024_10:02:27 PM,23.9
8048.0,1,2.5486,379.9,7/21/2024_10:02:29 PM,23.9
8050.0,1,2.5486,379.9,7/21/2024_10:02:31 PM,23.9
8052.0,1,2.5486,379.9,7/21/2024_10:02:33 PM,23.9
8054.0,1,2.5486,379.9,7/21/2024_10:02:35 PM,23.9
8056.0,1,2.5486,379.9,7/21/2024_10:02:37 PM,23.9
8058.0,1,2.5485,379.9,7/21/2024_10:02:39 PM,23.9
8060.0,1,2.5485,379.9,7/21/2024_10:02:41 PM,23.9
8062.0,1,2.5485,379.9,7/21/2024_10:02:43 PM,23.9
8064.0,1,2.5485,379.9,7/21/2024_10:02:45 PM,23.9
8066.0,1,2.5485,379.9,7/21/2024_10:02:47 PM,23.9
8068.0,1,2.5485,379.9,7/21/2024_10:02:49 PM,23.9
8070.0,1,2.5484,379.9,7/21/2024_10:02:51 PM,23.9
8072.0,1,2.5484,379.9,7/21/2024_10:02:53 PM,23.9
8074.0,1,2.5484,379.9,7/21/2024_10:02:55 PM,23.9
8076.0,1,2.5484,379.9,7/21/2024_10:02:57 PM,23.9
8078.0,1,2.5484,379.9,7/21/2024_10:02:59 PM,23.9
8080.0,1,2.5484,379.9,7/21/2024_10:03:01 PM,23.9
8082.0,1,2.5483,379.9,7/21/2024_10:03:03 PM,23.9
8084.0,1,2.5483,379.9,7/21/2024_10:03:05 PM,23.9
8086.0,1,2.5483,379.9,7/21/2024_10:03:07 PM,23.9
8088.0,1,2.5483,379.9,7/21/2024_10:03:09 PM,23.9
8090.0,1,2.5483,379.9,7/21/2024_10:03:11 PM,23.9
8092.0,1,2.5483,379.9,7/21/2024_10:03:13 PM,23.9
8094.0,1,2.5482,379.9,7/21/2024_10:03:15 PM,23.9
8096.0,1,2.5482,379.9,7/21/2024_10:03:17 PM,23.9
8098.0,1,2.5482,379.9,7/21/2024_10:03:19 PM,23.9
8100.0,1,2.5482,379.9,7/21/2024_10:03:21 PM,23.9
8102.0,1,2.5482,379.9,7/21/2024_10:03:23 PM,23.9
8104.0,1,2.5482,379.9,7/21/2024_10:03:25 PM,23.9
8106.0,1,2.5482,379.9,7/21/2024_10:03:27 PM,23.9
8108.0,1,2.5482,379.9,7/21/2024_10:03:29 PM,23.9
8110.0,1,2.5481,379.9,7/21/2024_10:03:31 PM,23.9
8112.0,1,2.5481,379.9,7/21/2024_10:03:33 PM,23.9
8114.0,1,2.5481,379.9,7/21/2024_10:03:35 PM,23.9
8116.0,1,2.5481,379.9,7/21/2024_10:03:37 PM,23.9
8118.0,1,2.5481,379.9,7/21/2024_10:03:39 PM,23.9
8120.0,1,2.5481,379.9,7/21/2024_10:03:41 PM,23.9
8122.0,1,2.5481,379.9,7/21/2024_10:03:43 PM,23.9
8124.0,1,2.548,379.9,7/21/2024_10:03:45 PM,23.9
8126.0,1,2.548,379.9,7/21/2024_10:03:47 PM,23.9
8128.0,1,2.548,379.9,7/21/2024_10:03:49 PM,23.9
8130.0,1,2.548,379.9,7/21/2024_10:03:51 PM,23.9
8132.0,1,2.548,379.9,7/21/2024_10:03:53 PM,23.9
8134.0,1,2.548,379.9,7/21/2024_10:03:55 PM,23.9
8136.0,1,2.548,379.9,7/21/2024_10:03:57 PM,23.9
8138.0,1,2.5479,379.9,7/21/2024_10:03:59 PM,23.9
8140.0,1,2.5479,379.9,7/21/2024_10:04:01 PM,23.9
8142.0,1,2.5479,379.9,7/21/2024_10:04:03 PM,23.9
8144.0,1,2.5479,379.9,7/21/2024_10:04:05 PM,23.9
8146.0,1,2.5479,379.9,7/21/2024_10:04:07 PM,23.9
8148.0,1,2.5479,379.9,7/21/2024_10:04:09 PM,23.9
8150.0,1,2.5479,379.9,7/21/2024_10:04:11 PM,23.9
8152.0,1,2.5479,379.9,7/21/2024_10:04:13 PM,23.9
8154.0,1,2.5478,379.9,7/21/2024_10:04:15 PM,23.9
8156.0,1,2.5478,379.9,7/21/2024_10:04:17 PM,23.9
8158.0,1,2.5478,379.9,7/21/2024_10:04:19 PM,23.9
8160.0,1,2.5478,379.9,7/21/2024_10:04:21 PM,23.9
8162.0,1,2.5478,379.9,7/21/2024_10:04:23 PM,23.9
8164.0,1,2.5478,379.9,7/21/2024_10:04:25 PM,23.9
8166.0,1,2.5478,379.9,7/21/2024_10:04:27 PM,23.9
